"Data","Último","Abertura","Máxima","Mínima","Vol.","Var%"
"17.10.2021","336.103","336.348","336.446","334.104","0,06K","-0,07%"
"16.10.2021","336.348","338.400","341.300","330.989","0,06K","-0,61%"
"15.10.2021","338.400","317.533","342.490","315.084","0,27K","6,57%"
"14.10.2021","317.533","316.295","320.000","311.012","0,18K","0,20%"
"13.10.2021","316.900","311.370","318.500","303.485","0,20K","1,78%"
"12.10.2021","311.370","319.000","319.900","300.000","0,11K","-2,39%"
"11.10.2021","319.000","303.028","320.000","302.287","0,13K","5,27%"
"10.10.2021","303.028","303.629","309.950","301.000","0,05K","-0,20%"
"09.10.2021","303.629","298.500","305.000","298.500","0,04K","1,72%"
"08.10.2021","298.500","295.500","305.000","295.291","0,12K","1,02%"
"07.10.2021","295.500","295.700","301.700","290.084","0,17K","-0,07%"
"06.10.2021","295.700","280.450","302.000","274.000","0,35K","5,20%"
"05.10.2021","281.071","267.101","282.778","265.383","0,17K","5,23%"
"04.10.2021","267.101","257.058","267.250","251.553","0,12K","3,91%"
"03.10.2021","257.058","254.527","260.000","252.000","0,04K","0,99%"
"02.10.2021","254.527","256.718","257.500","251.300","0,04K","-0,85%"
"01.10.2021","256.718","237.050","258.500","234.670","0,18K","8,30%"
"30.09.2021","237.050","226.487","239.000","226.200","0,07K","4,66%"
"29.09.2021","226.487","223.972","231.500","223.465","0,04K","1,12%"
"28.09.2021","223.972","228.001","230.496","223.500","0,04K","-1,77%"
"27.09.2021","228.001","232.513","237.888","228.000","0,04K","-1,94%"
"26.09.2021","232.513","230.600","235.998","223.000","0,03K","0,83%"
"25.09.2021","230.600","230.399","232.135","225.750","0,02K","0,09%"
"24.09.2021","230.399","240.884","241.000","220.000","0,09K","-4,28%"
"23.09.2021","240.690","233.298","240.768","230.591","0,06K","3,17%"
"22.09.2021","233.298","215.659","234.174","215.005","0,06K","8,01%"
"21.09.2021","215.997","229.805","234.324","160.000","0,16K","-6,01%"
"20.09.2021","229.805","250.900","250.900","228.968","0,15K","-8,41%"
"19.09.2021","250.900","255.569","256.435","249.381","0,02K","-1,83%"
"18.09.2021","255.569","251.245","258.000","250.808","0,04K","1,72%"
"17.09.2021","251.245","251.831","253.200","248.259","0,03K","-0,24%"
"16.09.2021","251.849","252.051","253.625","247.500","0,04K","-0,08%"
"15.09.2021","252.051","246.216","254.000","246.001","0,05K","2,37%"
"14.09.2021","246.216","236.586","247.500","235.800","0,05K","4,07%"
"13.09.2021","236.586","245.031","247.000","230.662","0,10K","-3,45%"
"12.09.2021","245.031","241.042","246.664","238.600","0,02K","1,65%"
"11.09.2021","241.042","238.400","244.998","238.400","0,02K","1,11%"
"10.09.2021","238.400","246.012","248.915","236.000","0,09K","-3,09%"
"09.09.2021","246.012","247.953","253.000","245.009","0,07K","-0,79%"
"08.09.2021","247.959","251.997","257.000","241.000","0,13K","-1,60%"
"07.09.2021","251.997","273.400","274.926","240.000","0,21K","-7,83%"
"06.09.2021","273.400","268.390","273.471","265.000","0,08K","1,87%"
"05.09.2021","268.390","260.027","269.300","258.332","0,04K","3,22%"
"04.09.2021","260.027","259.869","262.000","257.000","0,08K","0,06%"
"03.09.2021","259.869","256.000","263.999","252.500","0,09K","1,51%"
"02.09.2021","256.000","251.875","260.000","251.510","0,07K","1,64%"
"01.09.2021","251.875","246.233","253.352","242.300","0,06K","2,29%"
"31.08.2021","246.233","245.600","252.830","244.000","0,07K","0,24%"
"30.08.2021","245.645","255.000","256.279","245.500","0,05K","-3,67%"
"29.08.2021","255.000","255.270","259.000","251.500","0,03K","-0,11%"
"28.08.2021","255.270","256.990","258.100","253.002","0,01K","-0,67%"
"27.08.2021","256.990","249.316","257.775","247.000","0,06K","3,08%"
"26.08.2021","249.316","258.385","259.445","245.472","0,08K","-3,51%"
"25.08.2021","258.385","253.000","259.860","250.600","0,08K","2,13%"
"24.08.2021","253.000","268.211","269.794","252.830","0,11K","-5,67%"
"23.08.2021","268.211","266.073","271.500","265.963","0,08K","0,80%"
"22.08.2021","266.073","264.000","266.500","260.500","0,03K","0,79%"
"21.08.2021","264.000","265.000","267.500","260.060","0,05K","-0,38%"
"20.08.2021","265.000","252.000","265.000","250.406","0,12K","5,16%"
"19.08.2021","252.000","242.363","253.000","239.500","0,09K","3,98%"
"18.08.2021","242.363","239.270","247.342","237.115","0,05K","1,29%"
"17.08.2021","239.270","244.531","249.000","237.429","0,07K","-2,15%"
"16.08.2021","244.531","249.718","253.005","243.168","0,09K","-2,08%"
"15.08.2021","249.718","248.246","249.800","243.468","0,04K","0,59%"
"14.08.2021","248.246","251.772","251.772","244.001","0,05K","-1,40%"
"13.08.2021","251.772","235.138","251.772","234.708","0,09K","7,18%"
"12.08.2021","234.905","240.195","242.599","230.382","0,09K","-2,20%"
"11.08.2021","240.195","237.598","244.400","237.373","0,07K","1,09%"
"10.08.2021","237.598","243.481","244.900","233.573","0,12K","-2,42%"
"09.08.2021","243.481","231.187","244.000","225.169","0,16K","5,32%"
"08.08.2021","231.187","235.000","238.000","227.190","0,10K","-1,62%"
"07.08.2021","235.000","223.399","235.000","222.865","0,12K","5,19%"
"06.08.2021","223.399","213.500","225.445","208.145","0,17K","4,64%"
"05.08.2021","213.500","206.721","214.737","195.000","0,15K","3,28%"
"04.08.2021","206.721","199.760","208.000","196.000","0,09K","3,48%"
"03.08.2021","199.760","203.363","206.262","197.132","0,08K","-2,28%"
"02.08.2021","204.417","207.934","209.364","201.630","0,10K","-1,69%"
"01.08.2021","207.934","215.500","218.860","206.005","0,08K","-3,51%"
"31.07.2021","215.500","219.300","219.501","214.000","0,08K","-1,73%"
"30.07.2021","219.300","204.970","219.300","197.100","0,14K","6,99%"
"29.07.2021","204.970","206.000","209.150","201.638","0,07K","-0,50%"
"28.07.2021","206.000","204.236","211.140","202.094","0,13K","0,93%"
"27.07.2021","204.100","193.582","204.100","188.022","0,13K","5,43%"
"26.07.2021","193.582","183.200","209.396","183.200","0,30K","5,67%"
"25.07.2021","183.200","179.950","183.200","176.490","0,06K","3,97%"
"24.07.2021","176.206","175.000","176.564","174.000","0,07K","0,69%"
"23.07.2021","175.000","169.233","175.500","167.000","0,07K","3,41%"
"22.07.2021","169.233","168.481","169.859","165.313","0,05K","0,45%"
"21.07.2021","168.481","156.343","171.500","155.000","0,11K","7,76%"
"20.07.2021","156.343","163.447","163.705","155.003","0,12K","-4,35%"
"19.07.2021","163.447","164.764","164.764","160.000","0,05K","-0,80%"
"18.07.2021","164.764","163.303","167.980","162.528","0,03K","0,89%"
"17.07.2021","163.303","163.000","164.938","161.606","0,02K","0,19%"
"16.07.2021","163.000","163.855","166.418","161.100","0,05K","-0,52%"
"15.07.2021","163.855","168.564","170.500","161.600","0,07K","-2,79%"
"14.07.2021","168.564","170.670","171.522","166.100","0,07K","-1,23%"
"13.07.2021","170.670","173.915","174.115","168.030","0,08K","-1,88%"
"12.07.2021","173.941","180.057","181.950","171.000","0,07K","-3,40%"
"11.07.2021","180.057","178.000","181.900","177.001","0,03K","1,16%"
"10.07.2021","178.000","178.161","180.977","175.400","0,03K","-0,09%"
"09.07.2021","178.161","172.725","180.143","172.022","0,04K","2,09%"
"08.07.2021","174.508","178.430","178.430","171.877","0,08K","-2,20%"
"07.07.2021","178.430","177.490","183.000","177.490","0,08K","0,66%"
"06.07.2021","177.252","174.105","177.411","173.616","0,06K","1,81%"
"05.07.2021","174.105","179.249","179.249","170.001","0,09K","-2,87%"
"04.07.2021","179.249","175.543","179.880","175.543","0,04K","2,04%"
"03.07.2021","175.659","171.777","175.659","171.650","0,04K","2,26%"
"02.07.2021","171.777","170.045","171.777","168.811","0,04K","1,02%"
"01.07.2021","170.045","175.730","175.730","167.605","0,08K","-3,33%"
"30.06.2021","175.911","178.821","179.026","172.078","0,07K","-1,63%"
"29.06.2021","178.821","171.002","179.312","170.969","0,11K","4,79%"
"28.06.2021","170.648","173.002","173.906","169.600","0,06K","-1,36%"
"27.06.2021","173.002","161.161","173.002","161.161","0,07K","7,35%"
"26.06.2021","161.161","159.046","161.161","155.727","0,07K","1,33%"
"25.06.2021","159.046","171.999","171.999","159.046","0,14K","-7,53%"
"24.06.2021","171.999","169.428","173.947","164.000","0,07K","1,52%"
"23.06.2021","169.428","162.584","171.074","162.584","0,18K","4,21%"
"22.06.2021","162.584","160.202","167.000","160.202","0,25K","1,49%"
"21.06.2021","160.202","184.820","184.820","160.202","0,26K","-13,32%"
"20.06.2021","184.820","183.850","185.302","178.935","0,10K","0,53%"
"19.06.2021","183.850","184.515","187.000","183.550","0,04K","-0,24%"
"18.06.2021","184.300","193.200","193.559","181.722","0,11K","-4,61%"
"17.06.2021","193.200","195.508","199.900","191.005","0,07K","-1,18%"
"16.06.2021","195.508","204.480","204.480","195.508","0,10K","-4,39%"
"15.06.2021","204.480","207.100","207.510","204.480","0,10K","-1,27%"
"14.06.2021","207.100","199.301","207.100","199.100","0,14K","3,91%"
"13.06.2021","199.301","183.830","199.301","181.870","0,11K","8,42%"
"12.06.2021","183.830","191.800","191.800","183.329","0,06K","-4,16%"
"11.06.2021","191.800","187.550","192.000","187.550","0,08K","2,27%"
"10.06.2021","187.550","191.600","191.600","186.000","0,12K","-2,11%"
"09.06.2021","191.600","170.285","191.600","167.173","0,22K","12,52%"
"08.06.2021","170.285","170.338","170.338","167.250","0,23K","-0,03%"
"07.06.2021","170.338","182.621","184.778","170.338","0,10K","-6,73%"
"06.06.2021","182.621","180.500","184.966","180.500","0,03K","1,18%"
"05.06.2021","180.500","188.079","189.850","180.500","0,07K","-4,03%"
"04.06.2021","188.079","198.500","198.500","187.408","0,10K","-5,01%"
"03.06.2021","198.000","191.642","198.000","191.073","0,07K","3,32%"
"02.06.2021","191.642","189.998","193.500","188.000","0,10K","0,86%"
"01.06.2021","190.000","194.602","194.602","188.197","0,07K","-2,36%"
"31.05.2021","194.602","190.000","194.698","185.223","0,10K","2,42%"
"30.05.2021","190.000","184.152","193.000","184.152","0,05K","3,18%"
"29.05.2021","184.152","190.847","193.001","182.867","0,09K","-3,51%"
"28.05.2021","190.847","204.465","204.465","190.847","0,23K","-6,66%"
"27.05.2021","204.465","210.420","211.887","202.958","0,09K","-2,83%"
"26.05.2021","210.420","205.000","213.703","204.999","0,12K","2,64%"
"25.05.2021","205.000","209.426","211.599","199.800","0,13K","-2,11%"
"24.05.2021","209.426","192.794","209.426","192.190","0,22K","8,63%"
"23.05.2021","192.795","205.000","209.000","179.990","0,25K","-7,09%"
"22.05.2021","207.500","204.889","211.699","199.968","0,09K","1,27%"
"21.05.2021","204.889","217.899","217.899","189.990","0,31K","-5,97%"
"20.05.2021","217.899","201.000","218.000","201.000","0,35K","8,41%"
"19.05.2021","201.000","230.460","230.460","189.000","0,79K","-12,61%"
"18.05.2021","230.000","229.102","244.184","228.981","0,25K","0,39%"
"17.05.2021","229.102","248.987","248.987","221.400","0,30K","-7,99%"
"16.05.2021","248.987","250.010","260.566","237.357","0,16K","-0,41%"
"15.05.2021","250.010","265.000","265.000","250.010","0,10K","-5,66%"
"14.05.2021","265.000","265.431","272.002","261.070","0,15K","-0,16%"
"13.05.2021","265.431","265.590","271.199","257.500","0,44K","0,16%"
"12.05.2021","265.010","300.000","301.500","265.010","0,20K","-11,37%"
"11.05.2021","299.000","298.742","300.240","293.000","0,10K","-0,05%"
"10.05.2021","299.152","307.700","309.632","297.079","0,16K","-2,78%"
"09.05.2021","307.700","310.944","310.944","304.990","0,05K","-1,03%"
"08.05.2021","310.900","305.802","311.995","305.802","0,07K","1,67%"
"07.05.2021","305.802","301.400","305.802","299.000","0,06K","1,46%"
"06.05.2021","301.400","307.651","311.500","301.230","0,09K","-2,03%"
"05.05.2021","307.651","295.016","310.200","295.016","0,11K","4,18%"
"04.05.2021","295.305","313.842","313.842","295.305","0,15K","-5,91%"
"03.05.2021","313.842","309.671","320.650","309.671","0,13K","1,35%"
"02.05.2021","309.671","315.500","315.500","309.399","0,05K","-1,85%"
"01.05.2021","315.500","317.750","318.021","313.490","0,10K","-0,71%"
"30.04.2021","317.750","287.998","317.750","287.998","0,13K","10,49%"
"29.04.2021","287.581","296.898","296.898","285.000","0,09K","-3,14%"
"28.04.2021","296.898","302.435","307.265","295.900","0,11K","-1,83%"
"27.04.2021","302.435","296.997","302.435","296.994","0,10K","1,83%"
"26.04.2021","296.997","274.026","298.450","274.026","0,26K","8,38%"
"25.04.2021","274.022","282.001","284.354","274.022","0,10K","-2,83%"
"24.04.2021","282.001","286.297","286.297","279.030","0,09K","-1,50%"
"23.04.2021","286.297","286.870","289.202","263.957","0,39K","-0,20%"
"22.04.2021","286.870","306.000","310.500","286.870","0,34K","-6,25%"
"21.04.2021","306.000","319.875","319.875","306.000","0,14K","-4,34%"
"20.04.2021","319.875","317.990","319.900","309.771","0,20K","0,59%"
"19.04.2021","317.990","324.000","334.859","317.990","0,31K","-1,85%"
"18.04.2021","324.000","347.500","347.500","322.400","0,42K","-6,76%"
"17.04.2021","347.500","347.998","352.398","347.500","0,05K","0,00%"
"16.04.2021","347.500","362.001","362.001","347.500","0,21K","-4,01%"
"15.04.2021","362.001","362.500","363.995","358.000","0,13K","-0,14%"
"14.04.2021","362.500","368.001","373.800","359.000","0,27K","-1,69%"
"13.04.2021","368.750","342.770","368.750","342.770","0,29K","7,58%"
"12.04.2021","342.770","339.897","342.770","339.897","0,10K","0,85%"
"11.04.2021","339.897","337.499","340.000","337.499","0,08K","0,71%"
"10.04.2021","337.499","331.500","340.000","331.500","0,15K","1,81%"
"09.04.2021","331.500","326.500","332.001","326.500","0,06K","1,69%"
"08.04.2021","325.990","319.263","325.990","319.263","0,07K","2,11%"
"07.04.2021","319.263","328.000","328.000","318.272","0,15K","-2,66%"
"06.04.2021","328.000","336.700","336.700","328.000","0,12K","-2,20%"
"05.04.2021","335.375","335.832","336.700","329.349","0,09K","-0,14%"
"04.04.2021","335.832","330.567","336.183","330.567","0,07K","1,59%"
"03.04.2021","330.567","337.500","338.200","330.567","0,07K","-2,05%"
"02.04.2021","337.500","337.002","337.990","336.000","0,08K","0,15%"
"01.04.2021","337.002","332.825","337.002","332.825","0,07K","1,26%"
"31.03.2021","332.825","337.799","337.999","332.825","0,11K","-1,34%"
"30.03.2021","337.350","329.521","338.005","328.800","0,15K","2,38%"
"29.03.2021","329.521","318.500","330.500","315.504","0,22K","3,46%"
"28.03.2021","318.500","318.201","320.000","314.898","0,04K","0,09%"
"27.03.2021","318.201","316.500","320.000","314.305","0,13K","0,54%"
"26.03.2021","316.500","294.143","316.500","294.143","0,14K","7,60%"
"25.03.2021","294.143","303.205","306.574","294.000","0,23K","-2,99%"
"24.03.2021","303.205","306.776","316.000","303.205","0,18K","-1,16%"
"23.03.2021","306.776","305.001","306.776","304.365","0,18K","0,58%"
"22.03.2021","305.001","321.000","321.990","305.001","0,24K","-4,98%"
"21.03.2021","321.000","325.810","325.810","321.000","0,09K","-1,48%"
"20.03.2021","325.810","325.619","327.950","325.619","0,06K","0,06%"
"19.03.2021","325.619","324.810","326.826","322.250","0,12K","0,25%"
"18.03.2021","324.810","328.980","328.980","324.810","0,17K","-1,27%"
"17.03.2021","328.980","320.600","328.980","313.307","0,17K","2,61%"
"16.03.2021","320.600","320.241","320.600","311.835","0,24K","0,11%"
"15.03.2021","320.241","336.000","340.000","320.241","0,27K","-4,69%"
"14.03.2021","336.000","339.998","339.998","335.500","0,09K","-1,18%"
"13.03.2021","339.998","319.989","339.998","318.900","0,25K","6,32%"
"12.03.2021","319.799","320.600","320.600","315.760","0,23K","-0,25%"
"11.03.2021","320.600","318.118","320.600","316.003","0,18K","0,78%"
"10.03.2021","318.118","314.898","319.850","314.898","0,34K","1,02%"
"09.03.2021","314.898","297.460","314.898","297.297","0,35K","5,86%"
"08.03.2021","297.460","288.082","297.460","284.012","0,29K","3,26%"
"07.03.2021","288.082","279.350","288.082","279.350","0,12K","3,40%"
"06.03.2021","278.601","279.551","279.551","274.588","0,08K","-0,34%"
"05.03.2021","279.551","279.500","281.250","271.550","0,16K","0,02%"
"04.03.2021","279.500","286.600","286.600","274.998","0,21K","-2,48%"
"03.03.2021","286.600","277.200","292.880","277.200","0,31K","3,39%"
"02.03.2021","277.200","282.000","282.000","274.366","0,16K","-1,70%"
"01.03.2021","282.000","257.000","282.000","257.000","0,25K","9,73%"
"28.02.2021","257.000","264.138","264.138","255.500","0,24K","-2,70%"
"27.02.2021","264.138","264.650","268.000","264.138","0,08K","-0,19%"
"26.02.2021","264.650","270.001","270.001","263.273","0,28K","-1,98%"
"25.02.2021","270.001","274.888","283.000","270.001","0,17K","-1,78%"
"24.02.2021","274.888","272.999","284.500","272.100","0,29K","0,69%"
"23.02.2021","272.999","302.500","302.500","266.550","0,78K","-9,75%"
"22.02.2021","302.500","318.889","318.889","302.500","0,57K","-5,14%"
"21.02.2021","318.889","313.300","318.998","313.300","0,11K","1,78%"
"20.02.2021","313.300","304.500","319.500","304.500","0,35K","2,89%"
"19.02.2021","304.500","285.999","304.500","285.405","0,29K","6,47%"
"18.02.2021","285.999","288.100","288.513","285.999","0,21K","-0,73%"
"17.02.2021","288.100","272.000","288.100","272.000","0,30K","6,09%"
"16.02.2021","271.560","265.000","271.560","265.000","0,17K","2,48%"
"15.02.2021","265.000","266.600","266.600","263.202","0,16K","-0,75%"
"14.02.2021","267.000","258.200","267.670","258.200","0,18K","3,41%"
"13.02.2021","258.200","258.065","259.500","257.650","0,09K","0,05%"
"12.02.2021","258.065","258.001","259.000","257.185","0,23K","0,02%"
"11.02.2021","258.001","243.501","258.001","243.501","0,31K","5,95%"
"10.02.2021","243.501","250.000","251.563","242.566","0,31K","-2,60%"
"09.02.2021","250.000","249.989","253.498","243.890","0,58K","0,00%"
"08.02.2021","249.989","214.096","249.989","211.252","0,72K","16,76%"
"07.02.2021","214.096","213.000","214.096","209.100","0,16K","0,51%"
"06.02.2021","213.000","205.900","218.000","205.900","0,34K","3,45%"
"05.02.2021","205.900","204.556","205.900","204.556","0,13K","3,99%"
"04.02.2021","198.000","200.000","200.000","198.000","0,30K","-1,00%"
"03.02.2021","200.000","191.068","200.000","191.068","0,27K","4,67%"
"02.02.2021","191.068","184.049","191.068","184.049","0,18K","3,81%"
"01.02.2021","184.049","182.999","185.990","182.999","0,17K","0,57%"
"31.01.2021","182.999","186.060","186.060","182.999","0,10K","-1,93%"
"30.01.2021","186.605","187.328","187.328","186.300","0,13K","-0,39%"
"29.01.2021","187.328","178.511","199.002","178.511","0,68K","4,65%"
"28.01.2021","178.999","165.150","178.999","165.150","0,21K","8,39%"
"27.01.2021","165.150","176.114","176.114","165.150","0,30K","-6,23%"
"26.01.2021","176.114","179.150","179.150","176.114","0,24K","-1,69%"
"25.01.2021","179.150","177.000","180.000","177.000","0,25K","1,21%"
"24.01.2021","177.000","176.999","177.000","176.999","0,09K","0,00%"
"23.01.2021","176.999","181.000","181.000","176.357","0,10K","-2,21%"
"22.01.2021","181.000","168.899","181.000","168.899","0,45K","7,16%"
"21.01.2021","168.900","189.522","189.522","168.900","0,46K","-10,96%"
"20.01.2021","189.700","194.707","194.707","189.700","0,36K","-2,62%"
"19.01.2021","194.800","194.650","195.450","194.650","0,19K","0,08%"
"18.01.2021","194.650","190.500","194.650","190.500","0,17K","2,18%"
"17.01.2021","190.500","195.026","195.026","190.500","0,19K","-2,70%"
"16.01.2021","195.788","198.899","199.980","195.788","0,14K","-1,56%"
"15.01.2021","198.899","204.950","204.950","198.899","0,39K","-2,95%"
"14.01.2021","204.950","197.950","204.950","197.950","0,41K","3,54%"
"13.01.2021","197.950","186.725","197.950","186.725","0,38K","6,01%"
"12.01.2021","186.725","200.000","200.000","186.725","0,51K","-6,64%"
"11.01.2021","200.000","210.116","210.116","200.000","1,15K","-4,81%"
"10.01.2021","210.116","220.000","222.996","210.116","0,72K","-4,71%"
"09.01.2021","220.500","224.300","224.300","220.500","0,18K","-1,69%"
"08.01.2021","224.300","216.991","224.300","216.991","0,70K","3,37%"
"07.01.2021","216.991","199.000","218.898","199.000","0,69K","9,04%"
"06.01.2021","199.000","179.000","199.000","179.000","0,46K","11,17%"
"05.01.2021","179.000","173.955","179.000","169.000","0,34K","2,90%"
"04.01.2021","173.955","175.998","175.998","173.955","0,56K","-1,16%"
"03.01.2021","175.998","168.900","175.998","168.900","0,30K","4,20%"
"02.01.2021","168.900","153.700","168.900","153.457","0,41K","9,89%"
"01.01.2021","153.700","152.762","153.700","152.762","0,09K","0,61%"
"31.12.2020","152.762","151.121","152.762","151.121","0,13K","1,09%"
"30.12.2020","151.121","143.970","151.121","143.970","0,29K","4,97%"
"29.12.2020","143.970","144.940","144.940","143.970","0,21K","-0,67%"
"28.12.2020","144.940","139.800","144.940","139.800","0,21K","3,68%"
"27.12.2020","139.800","142.345","150.000","139.800","0,42K","-1,79%"
"26.12.2020","142.345","130.000","142.345","130.000","0,28K","9,50%"
"25.12.2020","130.000","124.700","130.000","124.700","0,12K","4,25%"
"24.12.2020","124.700","123.001","124.700","122.652","0,09K","1,38%"
"23.12.2020","123.001","122.994","123.850","122.994","0,21K","0,01%"
"22.12.2020","122.994","118.056","122.994","118.056","0,20K","4,18%"
"21.12.2020","118.056","119.800","120.000","118.056","0,20K","-1,46%"
"20.12.2020","119.800","120.800","120.800","119.800","0,09K","-0,83%"
"19.12.2020","120.800","118.000","120.800","118.000","0,14K","2,37%"
"18.12.2020","118.000","114.220","118.000","114.220","0,17K","3,31%"
"17.12.2020","114.220","107.499","114.220","107.499","0,55K","6,25%"
"16.12.2020","107.499","99.300","107.499","99.300","0,50K","8,26%"
"15.12.2020","99.300","98.470","99.300","97.948","0,09K","0,84%"
"14.12.2020","98.470","97.500","98.510","97.500","0,09K","0,99%"
"13.12.2020","97.500","97.184","97.500","97.184","0,09K","0,32%"
"12.12.2020","97.184","92.632","97.184","92.632","0,10K","4,91%"
"11.12.2020","92.632","92.520","92.632","92.520","0,16K","0,12%"
"10.12.2020","92.520","97.315","97.315","92.520","0,13K","-4,93%"
"09.12.2020","97.315","94.951","97.315","94.951","0,17K","2,49%"
"08.12.2020","94.951","99.360","99.360","94.951","0,16K","-4,44%"
"07.12.2020","99.360","100.119","100.119","99.360","0,09K","-0,76%"
"06.12.2020","100.119","99.758","100.119","99.300","0,02K","0,36%"
"05.12.2020","99.758","97.818","99.758","97.818","0,04K","1,98%"
"04.12.2020","97.818","101.146","101.146","97.818","0,15K","-3,29%"
"03.12.2020","101.146","101.260","101.500","101.146","0,11K","-0,11%"
"02.12.2020","101.260","98.899","101.260","98.455","0,12K","2,39%"
"01.12.2020","98.899","104.500","104.500","98.899","0,23K","-5,36%"
"30.11.2020","104.500","98.398","104.500","98.398","0,31K","6,20%"
"29.11.2020","98.398","96.150","98.398","96.150","0,08K","2,34%"
"28.11.2020","96.150","92.552","96.150","92.552","0,09K","3,89%"
"27.11.2020","92.552","93.109","94.500","92.552","0,23K","-0,60%"
"26.11.2020","93.109","101.475","101.475","93.109","0,77K","-8,26%"
"25.11.2020","101.495","104.300","104.300","101.495","0,24K","-2,69%"
"24.11.2020","104.300","101.200","105.200","101.200","0,29K","3,06%"
"23.11.2020","101.200","100.300","101.200","100.020","0,17K","0,90%"
"22.11.2020","100.300","100.700","100.700","99.401","0,13K","-0,40%"
"21.11.2020","100.700","100.000","101.000","100.000","0,12K","0,70%"
"20.11.2020","100.000","96.029","100.000","96.029","0,29K","4,14%"
"19.11.2020","96.029","96.600","96.600","94.650","0,16K","-0,59%"
"18.11.2020","96.600","94.600","96.600","94.600","0,35K","2,11%"
"17.11.2020","94.600","91.097","94.600","91.097","0,27K","3,84%"
"16.11.2020","91.097","87.501","91.097","87.501","0,24K","4,11%"
"15.11.2020","87.501","88.100","88.100","87.501","0,03K","-0,68%"
"14.11.2020","88.100","89.177","89.177","88.100","0,08K","-1,21%"
"13.11.2020","89.177","88.768","89.177","88.768","0,22K","0,46%"
"12.11.2020","88.768","85.969","88.768","85.969","0,15K","3,26%"
"11.11.2020","85.969","83.900","85.969","83.900","0,17K","2,47%"
"10.11.2020","83.900","83.000","83.900","83.000","0,12K","1,08%"
"09.11.2020","83.000","84.300","84.300","81.000","0,19K","-1,54%"
"08.11.2020","84.300","80.495","84.300","80.495","0,10K","4,73%"
"07.11.2020","80.495","84.859","84.859","80.495","0,23K","-5,14%"
"06.11.2020","84.859","86.600","86.600","84.859","0,32K","-2,01%"
"05.11.2020","86.600","80.628","86.600","80.628","0,31K","7,41%"
"04.11.2020","80.628","80.500","80.628","79.601","0,16K","0,16%"
"03.11.2020","80.500","78.211","80.500","78.211","0,16K","2,93%"
"02.11.2020","78.211","79.205","79.205","78.183","0,08K","-1,25%"
"01.11.2020","79.205","79.405","79.405","79.099","0,04K","-0,25%"
"31.10.2020","79.405","78.101","79.405","78.101","0,09K","1,67%"
"30.10.2020","78.101","77.950","78.101","77.950","0,12K","0,19%"
"29.10.2020","77.950","76.899","77.950","76.899","0,12K","1,37%"
"28.10.2020","76.899","77.890","77.890","76.899","0,24K","-1,27%"
"27.10.2020","77.890","73.686","77.890","73.686","0,24K","5,70%"
"26.10.2020","73.686","73.500","73.686","73.500","0,13K","0,25%"
"25.10.2020","73.500","73.300","73.500","73.300","0,06K","0,27%"
"24.10.2020","73.300","72.250","73.300","72.250","0,05K","1,45%"
"23.10.2020","72.250","72.251","72.719","72.250","0,13K","-0,00%"
"22.10.2020","72.251","71.878","72.251","71.878","0,22K","1,19%"
"21.10.2020","71.401","66.979","72.100","66.979","0,59K","6,60%"
"20.10.2020","66.979","66.000","66.979","66.000","0,17K","1,48%"
"19.10.2020","66.000","64.972","66.000","64.820","0,15K","1,58%"
"18.10.2020","64.972","64.600","64.972","64.600","0,01K","0,58%"
"17.10.2020","64.600","64.476","64.600","64.476","0,02K","0,19%"
"16.10.2020","64.476","65.000","65.000","64.476","0,17K","-0,81%"
"15.10.2020","65.000","64.101","65.000","64.101","0,14K","1,40%"
"14.10.2020","64.101","63.602","64.101","63.602","0,14K","0,78%"
"13.10.2020","63.602","63.850","63.850","63.602","0,13K","-0,39%"
"12.10.2020","63.850","63.000","63.850","62.817","0,07K","1,35%"
"11.10.2020","63.000","62.747","63.000","62.747","0,03K","0,40%"
"10.10.2020","62.747","61.960","62.747","61.960","0,06K","1,27%"
"09.10.2020","61.960","61.218","61.960","61.218","0,16K","1,21%"
"08.10.2020","61.218","60.500","61.218","59.871","0,15K","1,19%"
"07.10.2020","60.500","59.800","60.500","59.800","0,13K","1,17%"
"06.10.2020","59.800","60.211","60.211","59.800","0,09K","-0,68%"
"05.10.2020","60.211","60.569","60.778","60.211","0,09K","-0,59%"
"04.10.2020","60.569","60.250","60.569","60.249","0,01K","0,53%"
"03.10.2020","60.250","60.800","60.800","60.250","0,01K","-0,90%"
"02.10.2020","60.800","60.649","60.800","60.649","0,10K","0,25%"
"01.10.2020","60.649","60.911","61.037","60.649","0,13K","-0,43%"
"30.09.2020","60.911","60.995","60.995","60.770","0,18K","-0,14%"
"29.09.2020","60.995","60.700","61.293","60.700","0,13K","0,49%"
"28.09.2020","60.700","59.948","60.700","59.948","0,18K","1,25%"
"27.09.2020","59.948","59.721","59.948","59.636","0,02K","0,38%"
"26.09.2020","59.721","59.810","59.810","59.721","0,02K","-0,15%"
"25.09.2020","59.810","59.501","59.810","59.501","0,14K","0,52%"
"24.09.2020","59.501","57.881","59.501","57.881","0,13K","2,80%"
"23.09.2020","57.881","57.880","57.881","57.880","0,13K","0,00%"
"22.09.2020","57.880","57.051","57.880","57.051","0,10K","1,45%"
"21.09.2020","57.051","59.050","59.050","57.051","0,21K","-3,39%"
"20.09.2020","59.050","59.750","59.750","59.050","0,04K","-1,17%"
"19.09.2020","59.750","59.285","59.750","59.285","0,05K","0,78%"
"18.09.2020","59.285","58.145","59.285","58.145","0,08K","1,96%"
"17.09.2020","58.145","58.350","58.350","58.145","0,14K","-0,35%"
"16.09.2020","58.350","57.700","58.350","57.700","0,15K","1,13%"
"15.09.2020","57.700","57.000","57.950","57.000","0,18K","1,23%"
"14.09.2020","57.000","55.781","57.000","55.781","0,14K","2,19%"
"13.09.2020","55.781","55.856","56.250","55.781","0,02K","-0,14%"
"12.09.2020","55.856","56.076","56.076","55.856","0,02K","-0,39%"
"11.09.2020","56.076","55.707","56.076","55.707","0,09K","0,66%"
"10.09.2020","55.707","55.245","55.707","55.245","0,11K","0,84%"
"09.09.2020","55.245","54.348","55.245","54.348","0,11K","1,65%"
"08.09.2020","54.348","55.200","55.200","54.348","0,17K","-1,54%"
"07.09.2020","55.200","55.662","55.662","53.621","0,07K","-0,83%"
"06.09.2020","55.662","54.556","55.662","54.556","0,03K","2,09%"
"05.09.2020","54.523","56.516","56.516","54.523","0,10K","-3,53%"
"04.09.2020","56.516","55.988","56.516","55.988","0,30K","0,94%"
"03.09.2020","55.988","62.218","62.218","55.988","0,40K","-10,01%"
"02.09.2020","62.218","64.900","64.900","61.602","0,30K","-4,13%"
"01.09.2020","64.900","64.400","64.900","64.400","0,12K","0,78%"
"31.08.2020","64.400","63.351","64.400","63.285","0,10K","1,66%"
"30.08.2020","63.351","62.700","63.597","62.700","0,02K","1,04%"
"29.08.2020","62.700","63.400","63.400","62.700","0,04K","-1,10%"
"28.08.2020","63.400","63.600","63.600","63.400","0,11K","-0,31%"
"27.08.2020","63.600","64.655","64.655","63.600","0,16K","-1,63%"
"26.08.2020","64.655","63.610","64.655","63.610","0,10K","1,64%"
"25.08.2020","63.610","66.269","66.269","63.477","0,30K","-4,63%"
"24.08.2020","66.700","66.100","66.700","66.100","0,09K","0,91%"
"23.08.2020","66.100","66.112","66.229","66.100","0,02K","-0,02%"
"22.08.2020","66.112","65.715","66.112","65.715","0,08K","0,60%"
"21.08.2020","65.715","66.655","66.655","65.715","0,12K","-1,41%"
"20.08.2020","66.655","65.980","67.300","65.980","0,13K","1,02%"
"19.08.2020","65.980","66.453","66.453","65.798","0,20K","-0,71%"
"18.08.2020","66.453","67.501","67.699","66.453","0,21K","-1,55%"
"17.08.2020","67.501","64.270","67.501","64.270","0,30K","5,03%"
"16.08.2020","64.270","64.280","64.500","64.052","0,02K","-0,02%"
"15.08.2020","64.280","63.905","64.280","63.905","0,04K","0,59%"
"14.08.2020","63.905","63.021","63.905","63.021","0,12K","1,40%"
"13.08.2020","63.021","63.140","63.150","63.021","0,10K","-0,19%"
"12.08.2020","63.140","62.410","63.140","62.410","0,14K","1,17%"
"11.08.2020","62.410","65.579","65.579","61.156","0,36K","-4,83%"
"10.08.2020","65.579","63.700","65.579","63.700","0,26K","2,95%"
"09.08.2020","63.700","63.802","63.802","63.511","0,03K","-0,16%"
"08.08.2020","63.802","63.141","63.802","63.141","0,05K","1,05%"
"07.08.2020","63.141","63.500","63.500","63.141","0,15K","-0,57%"
"06.08.2020","63.500","62.000","63.500","62.000","0,21K","2,58%"
"05.08.2020","61.903","59.950","61.903","59.950","0,25K","3,26%"
"04.08.2020","59.950","59.840","60.248","59.840","0,10K","0,18%"
"03.08.2020","59.840","58.682","59.840","58.280","0,23K","2,65%"
"02.08.2020","58.296","61.298","61.298","58.208","0,25K","-4,90%"
"01.08.2020","61.298","59.164","61.298","59.164","0,22K","3,61%"
"31.07.2020","59.164","57.330","59.164","57.330","0,24K","3,20%"
"30.07.2020","57.330","57.451","57.451","56.891","0,21K","-0,21%"
"29.07.2020","57.451","56.165","57.451","56.165","0,35K","2,29%"
"28.07.2020","56.165","55.300","56.656","55.300","0,38K","1,26%"
"27.07.2020","55.465","50.405","55.465","50.405","0,92K","10,04%"
"26.07.2020","50.405","50.400","50.501","50.400","0,12K","0,01%"
"25.07.2020","50.400","50.150","50.400","50.100","0,07K","0,50%"
"24.07.2020","50.150","49.850","50.150","49.850","0,10K","0,60%"
"23.07.2020","49.850","49.321","49.850","49.321","0,15K","1,07%"
"22.07.2020","49.321","49.143","49.321","49.111","0,21K","0,36%"
"21.07.2020","49.143","49.748","49.748","49.143","0,13K","-1,22%"
"20.07.2020","49.748","49.680","49.748","49.680","0,12K","0,14%"
"19.07.2020","49.680","49.636","49.680","49.636","0,02K","0,09%"
"18.07.2020","49.636","50.000","50.000","49.600","0,02K","-0,73%"
"17.07.2020","50.000","49.320","50.000","49.320","0,12K","1,38%"
"16.07.2020","49.320","49.868","49.868","49.320","0,21K","-1,10%"
"15.07.2020","49.868","50.073","50.100","49.868","0,15K","-0,41%"
"14.07.2020","50.073","50.042","50.124","50.042","0,13K","0,06%"
"13.07.2020","50.042","49.920","50.042","49.800","0,15K","0,24%"
"12.07.2020","49.920","49.743","49.920","49.743","0,02K","0,36%"
"11.07.2020","49.743","49.906","49.906","49.743","0,01K","-0,33%"
"10.07.2020","49.906","49.899","49.906","49.899","0,13K","0,01%"
"09.07.2020","49.899","50.360","50.360","49.899","0,15K","-0,92%"
"08.07.2020","50.360","49.900","50.360","49.900","0,18K","0,92%"
"07.07.2020","49.900","49.890","49.900","49.707","0,13K","0,02%"
"06.07.2020","49.890","49.047","49.890","48.970","0,13K","1,72%"
"05.07.2020","49.047","49.263","49.263","48.800","0,03K","-0,44%"
"04.07.2020","49.263","49.075","49.400","48.750","0,02K","0,38%"
"03.07.2020","49.075","49.210","49.900","48.701","0,14K","-0,27%"
"02.07.2020","49.210","49.990","50.000","48.100","0,21K","-1,56%"
"01.07.2020","49.990","50.200","50.487","49.710","0,11K","-0,42%"
"30.06.2020","50.200","49.840","50.500","49.667","0,11K","0,72%"
"29.06.2020","49.840","49.949","50.062","49.314","0,08K","-0,22%"
"28.06.2020","49.949","49.678","50.000","49.501","0,02K","0,54%"
"27.06.2020","49.678","49.915","50.050","49.299","0,04K","-0,47%"
"26.06.2020","49.915","49.755","50.250","49.260","0,11K","0,32%"
"25.06.2020","49.755","49.825","50.280","48.900","0,13K","-0,14%"
"24.06.2020","49.825","49.760","50.260","48.900","0,14K","0,13%"
"23.06.2020","49.760","50.721","50.959","49.750","0,17K","-1,89%"
"22.06.2020","50.721","49.763","51.000","49.660","0,13K","1,93%"
"21.06.2020","49.763","49.750","50.290","49.660","0,02K","0,03%"
"20.06.2020","49.750","49.900","49.900","49.603","0,02K","-0,30%"
"19.06.2020","49.900","50.500","50.770","49.551","0,11K","-1,00%"
"18.06.2020","50.405","49.500","50.900","49.278","0,16K","1,83%"
"17.06.2020","49.500","49.585","49.950","49.099","0,11K","-0,17%"
"16.06.2020","49.585","48.600","49.899","48.259","0,21K","2,03%"
"15.06.2020","48.600","47.750","48.950","46.113","0,21K","1,78%"
"14.06.2020","47.750","47.789","48.200","47.505","0,03K","-0,08%"
"13.06.2020","47.789","48.100","48.260","47.552","0,03K","-0,65%"
"12.06.2020","48.100","47.263","48.500","46.900","0,15K","1,77%"
"11.06.2020","47.263","49.350","49.550","46.500","0,24K","-4,23%"
"10.06.2020","49.350","48.389","49.500","47.801","0,15K","1,99%"
"09.06.2020","48.389","48.097","48.590","47.101","0,15K","0,61%"
"08.06.2020","48.097","49.394","49.395","47.040","0,23K","-2,63%"
"07.06.2020","49.394","49.073","50.490","47.650","0,15K","0,66%"
"06.06.2020","49.073","48.522","49.500","48.200","0,06K","0,73%"
"05.06.2020","48.715","50.401","50.990","48.500","0,28K","-3,34%"
"04.06.2020","50.401","49.500","50.913","48.608","0,13K","1,82%"
"03.06.2020","49.500","50.442","51.399","48.600","0,34K","-1,87%"
"02.06.2020","50.442","54.000","54.439","49.900","0,46K","-6,59%"
"01.06.2020","54.000","50.861","54.998","50.806","0,32K","6,17%"
"31.05.2020","50.861","51.500","51.596","50.710","0,04K","-1,24%"
"30.05.2020","51.500","50.650","51.650","50.200","0,06K","1,68%"
"29.05.2020","50.650","51.702","51.910","50.650","0,14K","-2,04%"
"28.05.2020","51.702","49.168","51.990","48.650","0,29K","5,15%"
"27.05.2020","49.168","47.800","49.920","47.275","0,23K","2,86%"
"26.05.2020","47.800","49.944","49.950","47.210","0,27K","-4,29%"
"25.05.2020","49.944","49.565","50.001","48.096","0,32K","0,76%"
"24.05.2020","49.565","51.601","51.990","49.500","0,14K","-3,95%"
"23.05.2020","51.601","51.620","52.300","51.288","0,05K","-0,04%"
"22.05.2020","51.620","51.305","52.499","50.551","0,26K","0,61%"
"21.05.2020","51.305","55.280","55.280","50.000","0,54K","-7,19%"
"20.05.2020","55.280","55.935","56.298","54.001","0,25K","-1,17%"
"19.05.2020","55.935","55.889","56.000","55.000","0,19K","0,08%"
"18.05.2020","55.889","55.600","56.480","55.000","0,21K","0,52%"
"17.05.2020","55.600","54.207","56.659","54.200","0,19K","2,57%"
"16.05.2020","54.207","53.898","54.890","53.500","0,08K","0,57%"
"15.05.2020","53.898","56.208","56.400","53.299","0,38K","-4,11%"
"14.05.2020","56.208","54.600","57.464","53.701","0,53K","2,95%"
"13.05.2020","54.600","51.335","55.000","51.202","0,48K","6,36%"
"12.05.2020","51.335","49.900","52.500","49.253","0,31K","2,88%"
"11.05.2020","49.900","49.499","54.000","48.010","0,87K","0,81%"
"10.05.2020","49.499","52.220","52.498","47.000","0,63K","-5,21%"
"09.05.2020","52.220","54.450","56.000","48.115","0,61K","-4,10%"
"08.05.2020","54.450","57.880","58.889","46.201","0,98K","-5,93%"
"07.05.2020","57.880","52.578","58.000","51.523","0,78K","10,04%"
"06.05.2020","52.600","49.655","53.081","49.451","0,60K","5,93%"
"05.05.2020","49.655","48.930","49.800","48.418","0,28K","1,38%"
"04.05.2020","48.977","48.745","49.460","47.800","0,33K","0,48%"
"03.05.2020","48.745","47.900","49.000","47.761","0,18K","1,76%"
"02.05.2020","47.900","47.699","48.200","47.263","0,09K","0,42%"
"01.05.2020","47.699","46.700","48.497","46.700","0,15K","2,14%"
"30.04.2020","46.700","46.443","48.500","45.000","0,71K","0,43%"
"29.04.2020","46.498","43.052","47.000","42.764","0,75K","8,00%"
"28.04.2020","43.052","43.392","43.900","42.600","0,30K","-0,78%"
"27.04.2020","43.392","41.715","44.000","41.715","0,39K","4,02%"
"26.04.2020","41.715","41.212","42.000","41.210","0,06K","1,22%"
"25.04.2020","41.212","41.050","41.900","41.000","0,09K","0,39%"
"24.04.2020","41.050","40.065","42.498","39.600","0,52K","2,50%"
"23.04.2020","40.050","38.000","41.000","37.809","0,61K","5,39%"
"22.04.2020","38.000","36.801","38.400","36.661","0,30K","3,26%"
"21.04.2020","36.800","36.808","36.989","36.510","0,04K","-0,02%"
"20.04.2020","36.808","37.158","37.666","36.401","0,20K","-0,94%"
"19.04.2020","37.158","37.520","37.520","37.000","0,04K","-0,69%"
"18.04.2020","37.415","37.120","37.700","36.835","0,09K","0,80%"
"17.04.2020","37.120","37.000","37.500","36.701","0,14K","0,32%"
"16.04.2020","37.001","35.166","37.400","34.700","0,34K","5,22%"
"15.04.2020","35.166","35.750","36.400","35.150","0,19K","-1,63%"
"14.04.2020","35.750","35.880","36.700","35.690","0,21K","-0,36%"
"13.04.2020","35.880","36.211","36.530","34.501","0,34K","-0,91%"
"12.04.2020","36.210","36.160","37.450","35.513","0,07K","1,28%"
"11.04.2020","35.751","35.800","36.400","35.360","0,07K","-0,14%"
"10.04.2020","35.800","37.250","37.590","35.107","0,17K","-3,89%"
"09.04.2020","37.250","37.850","38.073","37.000","0,23K","-1,27%"
"08.04.2020","37.730","37.250","38.482","37.250","0,20K","1,29%"
"07.04.2020","37.250","37.900","38.897","36.601","0,40K","-1,71%"
"06.04.2020","37.900","35.320","37.900","35.320","0,48K","7,30%"
"05.04.2020","35.320","35.800","35.800","35.260","0,05K","-1,34%"
"04.04.2020","35.800","35.600","36.000","35.351","0,08K","0,56%"
"03.04.2020","35.600","34.756","36.000","34.500","0,33K","2,43%"
"02.04.2020","34.756","33.511","36.500","33.099","0,72K","3,72%"
"01.04.2020","33.511","32.769","33.700","32.000","0,31K","2,26%"
"31.03.2020","32.769","33.198","33.500","31.509","0,34K","-1,29%"
"30.03.2020","33.198","31.095","33.606","31.000","0,27K","6,76%"
"29.03.2020","31.095","32.250","32.394","31.000","0,10K","-3,58%"
"28.03.2020","32.250","33.103","33.187","31.245","0,18K","-2,58%"
"27.03.2020","33.103","33.998","34.250","32.900","0,18K","-2,63%"
"26.03.2020","33.998","33.725","34.080","33.300","0,17K","0,81%"
"25.03.2020","33.725","34.200","34.650","33.502","0,25K","-1,39%"
"24.03.2020","34.200","32.606","34.487","32.500","0,35K","4,89%"
"23.03.2020","32.606","31.000","33.349","30.701","0,31K","5,18%"
"22.03.2020","31.000","32.170","32.650","30.800","0,12K","-3,64%"
"21.03.2020","32.170","31.820","32.990","30.900","0,14K","1,10%"
"20.03.2020","31.820","32.159","35.789","29.500","0,72K","-1,05%"
"19.03.2020","32.159","27.700","33.000","27.351","0,78K","16,10%"
"18.03.2020","27.700","27.346","28.000","26.300","0,30K","1,30%"
"17.03.2020","27.346","25.720","27.998","25.200","0,41K","6,32%"
"16.03.2020","25.720","27.999","27.999","24.000","0,73K","-8,14%"
"15.03.2020","27.999","27.300","30.000","26.530","0,17K","2,56%"
"14.03.2020","27.300","28.995","29.000","26.500","0,19K","-5,85%"
"13.03.2020","28.995","26.000","34.500","20.510","1,38K","11,52%"
"12.03.2020","26.000","38.430","38.600","25.500","1,09K","-32,34%"
"11.03.2020","38.430","37.360","38.660","36.250","0,23K","2,86%"
"10.03.2020","37.360","38.249","39.225","36.784","0,30K","-2,32%"
"09.03.2020","38.249","38.612","40.270","37.000","0,50K","-0,94%"
"08.03.2020","38.612","41.453","41.453","38.601","0,16K","-6,85%"
"07.03.2020","41.453","42.300","42.442","41.350","0,05K","-2,00%"
"06.03.2020","42.300","42.100","42.901","41.612","0,18K","0,48%"
"05.03.2020","42.100","40.355","42.963","40.049","0,24K","4,32%"
"04.03.2020","40.355","39.963","40.700","39.604","0,15K","0,98%"
"03.03.2020","39.963","40.300","40.732","39.500","0,14K","-1,08%"
"02.03.2020","40.399","38.750","40.799","38.550","0,20K","4,26%"
"01.03.2020","38.750","39.000","39.349","38.450","0,08K","-0,64%"
"29.02.2020","39.000","39.578","39.757","39.000","0,04K","-1,46%"
"28.02.2020","39.578","40.000","40.494","38.300","0,17K","-1,05%"
"27.02.2020","40.000","39.750","41.020","38.505","0,29K","0,63%"
"26.02.2020","39.750","41.677","41.988","38.900","0,34K","-4,62%"
"25.02.2020","41.677","42.914","43.000","41.501","0,09K","-2,88%"
"24.02.2020","42.914","43.726","43.769","42.502","0,05K","-1,86%"
"23.02.2020","43.726","42.970","43.789","42.771","0,04K","1,76%"
"22.02.2020","42.970","43.000","43.480","42.757","0,03K","-0,07%"
"21.02.2020","43.000","42.550","43.999","42.450","0,14K","1,30%"
"20.02.2020","42.450","43.097","43.999","42.101","0,23K","-1,50%"
"19.02.2020","43.097","44.220","44.900","41.800","0,24K","-2,54%"
"18.02.2020","44.220","42.400","44.900","42.317","0,28K","4,29%"
"17.02.2020","42.400","43.400","43.450","41.101","0,29K","-2,30%"
"16.02.2020","43.400","43.230","44.000","42.500","0,12K","0,39%"
"15.02.2020","43.230","44.661","45.100","42.500","0,19K","-3,20%"
"14.02.2020","44.661","44.608","45.200","44.450","0,14K","-0,03%"
"13.02.2020","44.675","45.110","45.500","44.385","0,25K","-0,96%"
"12.02.2020","45.110","44.194","45.430","44.194","0,29K","1,94%"
"11.02.2020","44.250","42.771","44.700","42.250","0,38K","3,46%"
"10.02.2020","42.771","43.850","43.990","41.850","0,30K","-2,46%"
"09.02.2020","43.850","42.590","44.000","42.590","0,16K","2,96%"
"08.02.2020","42.590","42.285","42.700","42.000","0,09K","0,72%"
"07.02.2020","42.285","41.800","42.500","41.696","0,23K","1,16%"
"06.02.2020","41.800","40.690","42.000","40.501","0,24K","2,73%"
"05.02.2020","40.690","39.376","41.202","39.050","0,35K","3,34%"
"04.02.2020","39.376","39.700","39.914","38.700","0,21K","-0,82%"
"03.02.2020","39.700","40.198","40.501","39.402","0,19K","-1,24%"
"02.02.2020","40.198","39.936","40.501","39.600","0,10K","0,66%"
"01.02.2020","39.936","39.891","40.205","39.700","0,05K","0,11%"
"31.01.2020","39.891","39.991","40.299","39.000","0,25K","-0,29%"
"30.01.2020","40.005","39.185","40.589","38.551","0,49K","2,09%"
"29.01.2020","39.185","38.950","39.530","38.450","0,38K","0,68%"
"28.01.2020","38.920","37.000","39.000","37.000","0,41K","5,19%"
"27.01.2020","37.000","35.950","37.790","35.891","0,37K","2,92%"
"26.01.2020","35.950","35.177","35.977","35.056","0,04K","2,20%"
"25.01.2020","35.177","35.649","35.800","35.010","0,05K","-1,32%"
"24.01.2020","35.649","35.230","36.000","34.450","0,19K","1,23%"
"23.01.2020","35.216","36.596","36.640","34.590","0,25K","-3,77%"
"22.01.2020","36.596","36.919","37.000","36.500","0,13K","-0,88%"
"21.01.2020","36.919","36.650","37.000","36.350","0,15K","0,74%"
"20.01.2020","36.650","36.600","36.996","35.619","0,21K","0,14%"
"19.01.2020","36.600","37.260","38.000","35.501","0,21K","-1,77%"
"18.01.2020","37.260","37.226","37.500","37.055","0,09K","0,09%"
"17.01.2020","37.226","36.472","37.499","36.386","0,26K","2,07%"
"16.01.2020","36.472","36.879","36.920","35.710","0,24K","-1,11%"
"15.01.2020","36.879","36.223","37.200","35.463","0,31K","1,81%"
"14.01.2020","36.223","33.519","36.500","33.385","0,68K","8,07%"
"13.01.2020","33.519","33.188","33.798","32.900","0,21K","1,00%"
"12.01.2020","33.188","32.860","33.470","32.515","0,04K","1,00%"
"11.01.2020","32.860","33.209","33.450","32.800","0,07K","-1,05%"
"10.01.2020","33.209","32.276","33.370","31.800","0,24K","2,89%"
"09.01.2020","32.276","32.800","32.800","32.000","0,19K","-1,60%"
"08.01.2020","32.800","33.000","34.280","32.000","0,47K","-0,61%"
"07.01.2020","33.000","31.400","33.350","31.400","0,49K","5,10%"
"06.01.2020","31.400","29.741","31.500","29.650","0,28K","5,58%"
"05.01.2020","29.741","29.761","30.200","29.650","0,07K","-0,07%"
"04.01.2020","29.761","29.776","29.980","29.611","0,04K","-0,05%"
"03.01.2020","29.776","28.200","30.350","28.003","0,22K","5,59%"
"02.01.2020","28.200","29.140","30.000","28.100","0,14K","-3,42%"
"01.01.2020","29.199","29.201","29.399","29.100","0,02K","-0,01%"
"31.12.2019","29.201","29.700","30.000","29.057","0,08K","-1,68%"
"30.12.2019","29.700","29.820","30.200","29.400","0,17K","-0,40%"
"29.12.2019","29.820","29.775","30.210","29.561","0,03K","0,15%"
"28.12.2019","29.775","29.560","29.889","29.560","0,04K","0,73%"
"27.12.2019","29.560","29.600","29.894","29.033","0,15K","-0,14%"
"26.12.2019","29.600","29.631","30.200","29.501","0,15K","-0,10%"
"25.12.2019","29.631","29.830","29.919","29.500","0,03K","-0,67%"
"24.12.2019","29.830","30.100","31.048","29.550","0,11K","-0,90%"
"23.12.2019","30.100","30.650","31.500","30.050","0,25K","-1,79%"
"22.12.2019","30.650","29.329","30.800","29.329","0,08K","4,50%"
"21.12.2019","29.329","29.612","29.832","29.300","0,03K","-0,96%"
"20.12.2019","29.612","29.200","29.800","28.944","0,19K","1,41%"
"19.12.2019","29.200","29.920","30.027","28.676","0,19K","-2,41%"
"18.12.2019","29.920","27.009","30.500","26.401","0,38K","10,78%"
"17.12.2019","27.009","28.404","28.404","27.000","0,28K","-4,91%"
"16.12.2019","28.404","29.250","30.149","28.011","0,26K","-2,89%"
"15.12.2019","29.250","29.440","29.500","29.009","0,04K","-0,65%"
"14.12.2019","29.440","30.200","30.292","29.050","0,08K","-2,52%"
"13.12.2019","30.200","29.878","30.490","29.611","0,15K","1,08%"
"12.12.2019","29.878","29.900","30.200","29.499","0,20K","-0,07%"
"11.12.2019","29.900","30.190","30.371","29.530","0,19K","-0,96%"
"10.12.2019","30.190","30.595","30.949","30.103","0,21K","-1,32%"
"09.12.2019","30.595","31.201","31.546","30.522","0,20K","-1,94%"
"08.12.2019","31.201","31.285","31.450","30.862","0,04K","-0,27%"
"07.12.2019","31.285","31.255","31.490","31.176","0,03K","0,09%"
"06.12.2019","31.255","31.211","31.513","30.917","0,13K","0,14%"
"05.12.2019","31.211","30.897","31.600","30.650","0,15K","1,01%"
"04.12.2019","30.897","30.999","32.295","30.350","0,22K","-0,33%"
"03.12.2019","30.999","31.349","31.694","30.999","0,17K","-1,12%"
"02.12.2019","31.349","31.787","32.100","31.000","0,19K","-1,38%"
"01.12.2019","31.787","32.380","32.554","31.505","0,09K","-1,83%"
"30.11.2019","32.380","33.200","33.250","32.100","0,07K","-2,47%"
"29.11.2019","33.200","31.661","33.369","31.506","0,23K","4,57%"
"28.11.2019","31.750","32.500","32.999","31.600","0,27K","-2,31%"
"27.11.2019","32.500","30.750","33.000","29.700","0,36K","5,69%"
"26.11.2019","30.750","30.740","31.095","30.350","0,20K","0,03%"
"25.11.2019","30.740","29.700","31.500","28.800","0,35K","3,50%"
"24.11.2019","29.700","31.586","31.586","29.500","0,11K","-5,97%"
"23.11.2019","31.586","30.990","31.999","30.500","0,11K","1,89%"
"22.11.2019","31.000","32.555","33.499","29.400","0,78K","-5,14%"
"21.11.2019","32.681","34.081","34.100","31.712","0,34K","-4,16%"
"20.11.2019","34.100","34.550","34.778","34.035","0,12K","-1,30%"
"19.11.2019","34.550","34.911","35.190","34.002","0,17K","-1,03%"
"18.11.2019","34.911","36.200","36.399","34.051","0,22K","-3,56%"
"17.11.2019","36.200","36.299","36.456","36.061","0,03K","-0,27%"
"16.11.2019","36.299","36.040","36.300","36.000","0,04K","0,72%"
"15.11.2019","36.040","36.755","36.900","36.000","0,11K","-1,95%"
"14.11.2019","36.755","36.800","37.160","36.200","0,15K","-0,12%"
"13.11.2019","36.800","36.810","37.200","36.600","0,16K","-0,03%"
"12.11.2019","36.810","36.676","37.205","36.500","0,16K","0,30%"
"11.11.2019","36.700","37.570","37.700","36.500","0,20K","-2,32%"
"10.11.2019","37.570","36.937","37.820","36.802","0,09K","2,02%"
"09.11.2019","36.827","37.139","37.230","36.550","0,06K","-0,51%"
"08.11.2019","37.015","37.810","37.902","36.400","0,31K","-2,10%"
"07.11.2019","37.810","37.800","38.100","37.601","0,19K","-0,50%"
"06.11.2019","38.001","37.601","38.100","37.356","0,28K","1,06%"
"05.11.2019","37.601","37.500","37.845","37.300","0,19K","0,30%"
"04.11.2019","37.490","36.810","38.000","36.704","0,29K","1,85%"
"03.11.2019","36.810","37.100","37.150","36.800","0,04K","-0,59%"
"02.11.2019","37.030","36.848","37.144","36.803","0,04K","0,49%"
"01.11.2019","36.848","37.400","37.400","36.627","0,17K","-1,48%"
"31.10.2019","37.400","36.640","37.560","36.100","0,25K","2,07%"
"30.10.2019","36.640","37.550","37.558","36.500","0,21K","-2,42%"
"29.10.2019","37.550","36.710","37.750","36.604","0,34K","2,29%"
"28.10.2019","36.710","36.530","37.556","35.460","0,42K","0,30%"
"27.10.2019","36.600","35.802","37.850","35.132","0,31K","2,23%"
"26.10.2019","35.801","34.100","39.990","34.100","0,74K","4,99%"
"25.10.2019","34.100","30.500","34.600","30.500","0,54K","11,80%"
"24.10.2019","30.500","30.495","31.270","30.011","0,20K","0,02%"
"23.10.2019","30.495","33.379","33.380","30.300","0,46K","-8,29%"
"22.10.2019","33.251","34.110","34.499","33.250","0,18K","-2,52%"
"21.10.2019","34.110","33.790","34.500","33.629","0,24K","0,95%"
"20.10.2019","33.790","33.267","34.165","33.090","0,06K","1,57%"
"19.10.2019","33.267","33.346","33.619","33.070","0,04K","0,35%"
"18.10.2019","33.150","33.719","33.950","33.060","0,16K","-2,40%"
"17.10.2019","33.964","33.800","34.200","33.500","0,17K","0,49%"
"16.10.2019","33.800","34.300","34.500","33.500","0,18K","-1,04%"
"15.10.2019","34.155","34.505","34.980","34.100","0,22K","-1,01%"
"14.10.2019","34.505","34.648","34.950","34.230","0,16K","-0,41%"
"13.10.2019","34.648","34.720","35.300","34.365","0,07K","-0,21%"
"12.10.2019","34.720","34.456","35.000","34.450","0,04K","0,75%"
"11.10.2019","34.463","35.480","35.619","34.200","0,21K","-2,85%"
"10.10.2019","35.475","35.081","35.800","34.935","0,25K","0,79%"
"09.10.2019","35.199","33.750","35.500","33.500","0,40K","4,70%"
"08.10.2019","33.620","33.810","34.199","33.500","0,22K","-0,56%"
"07.10.2019","33.810","32.101","34.650","31.500","0,32K","5,33%"
"06.10.2019","32.101","33.450","33.650","32.100","0,08K","-4,03%"
"05.10.2019","33.450","33.720","33.925","33.000","0,07K","-1,04%"
"04.10.2019","33.800","34.248","34.248","33.600","0,21K","-1,31%"
"03.10.2019","34.248","35.325","35.500","33.700","0,27K","-2,57%"
"02.10.2019","35.150","35.200","35.500","34.599","0,23K","-0,03%"
"01.10.2019","35.161","34.505","36.000","34.500","0,35K","1,62%"
"30.09.2019","34.600","34.200","35.440","33.600","0,31K","1,73%"
"29.09.2019","34.010","34.798","34.798","33.650","0,07K","-2,26%"
"28.09.2019","34.798","34.900","35.200","34.374","0,12K","-0,54%"
"27.09.2019","34.987","34.458","35.491","33.500","0,45K","1,53%"
"26.09.2019","34.458","35.810","36.173","32.550","0,68K","-3,88%"
"25.09.2019","35.850","38.090","38.399","35.500","0,82K","-4,89%"
"24.09.2019","37.694","41.060","41.588","36.011","0,90K","-8,50%"
"23.09.2019","41.197","41.900","42.000","41.021","0,24K","-1,68%"
"22.09.2019","41.900","42.000","42.098","41.600","0,03K","-0,24%"
"21.09.2019","42.000","42.344","42.344","41.800","0,06K","-0,82%"
"20.09.2019","42.349","42.487","42.748","42.100","0,20K","0,12%"
"19.09.2019","42.300","42.026","42.825","40.800","0,39K","0,65%"
"18.09.2019","42.026","42.127","42.350","41.950","0,22K","-0,24%"
"17.09.2019","42.129","42.186","42.392","41.950","0,21K","-0,62%"
"16.09.2019","42.390","42.190","42.500","41.700","0,26K","0,47%"
"15.09.2019","42.190","42.201","42.379","42.000","0,03K","-0,03%"
"14.09.2019","42.201","42.280","42.400","42.120","0,05K","-0,37%"
"13.09.2019","42.360","42.301","42.480","41.950","0,19K","0,14%"
"12.09.2019","42.300","41.697","42.500","41.300","0,24K","1,90%"
"11.09.2019","41.511","41.901","42.039","41.202","0,28K","-0,93%"
"10.09.2019","41.901","42.580","42.856","41.500","0,32K","-1,59%"
"09.09.2019","42.580","42.960","43.200","42.187","0,29K","-0,77%"
"08.09.2019","42.911","43.171","43.297","42.800","0,07K","-0,60%"
"07.09.2019","43.171","43.173","43.446","42.807","0,06K","-0,00%"
"06.09.2019","43.173","43.795","44.500","42.550","0,46K","-1,42%"
"05.09.2019","43.795","43.600","43.970","43.300","0,22K","0,45%"
"04.09.2019","43.600","43.625","44.359","43.000","0,54K","-0,34%"
"03.09.2019","43.747","42.502","44.500","42.100","0,79K","2,93%"
"02.09.2019","42.500","40.779","43.050","40.360","0,51K","4,55%"
"01.09.2019","40.650","40.206","40.800","40.206","0,04K","0,56%"
"31.08.2019","40.425","40.401","40.900","39.965","0,08K","0,50%"
"30.08.2019","40.225","40.300","40.866","39.850","0,28K","-0,19%"
"29.08.2019","40.300","41.331","41.331","40.000","0,46K","-2,49%"
"28.08.2019","41.331","42.254","43.200","40.800","0,46K","-2,63%"
"27.08.2019","42.449","42.655","42.900","42.001","0,25K","-0,49%"
"26.08.2019","42.656","41.714","43.100","41.569","0,44K","2,26%"
"25.08.2019","41.714","41.667","42.312","41.500","0,05K","0,11%"
"24.08.2019","41.667","42.350","42.479","41.221","0,12K","-1,57%"
"23.08.2019","42.330","41.179","42.999","41.107","0,32K","2,80%"
"22.08.2019","41.179","41.331","41.920","40.310","0,32K","-0,82%"
"21.08.2019","41.520","43.650","44.021","40.700","0,63K","-5,55%"
"20.08.2019","43.961","44.427","44.580","43.000","0,34K","-1,05%"
"19.08.2019","44.427","41.990","44.830","41.630","0,52K","6,16%"
"18.08.2019","41.850","41.470","42.100","41.251","0,06K","0,92%"
"17.08.2019","41.470","42.000","42.200","41.111","0,09K","-1,58%"
"16.08.2019","42.135","41.900","42.490","40.550","0,37K","0,56%"
"15.08.2019","41.900","41.788","43.500","40.000","0,56K","0,27%"
"14.08.2019","41.788","43.740","43.850","41.050","0,55K","-4,70%"
"13.08.2019","43.849","45.500","45.749","43.500","0,51K","-3,42%"
"12.08.2019","45.400","45.800","46.500","45.009","0,25K","-0,87%"
"11.08.2019","45.800","45.300","45.800","45.000","0,08K","0,73%"
"10.08.2019","45.467","46.650","46.650","45.000","0,21K","-2,54%"
"09.08.2019","46.650","46.600","46.700","46.150","0,25K","-0,11%"
"08.08.2019","46.700","46.840","46.900","45.798","0,39K","0,00%"
"07.08.2019","46.700","45.272","47.825","44.600","0,80K","3,20%"
"06.08.2019","45.250","45.477","46.453","44.139","1,01K","-0,50%"
"05.08.2019","45.477","41.516","46.300","41.503","1,57K","9,20%"
"04.08.2019","41.644","41.350","42.000","41.045","0,19K","0,59%"
"03.08.2019","41.400","40.683","41.960","40.401","0,31K","1,76%"
"02.08.2019","40.683","39.362","41.759","39.200","0,78K","3,26%"
"01.08.2019","39.400","37.850","40.000","37.800","0,50K","3,68%"
"31.07.2019","38.000","36.985","38.200","36.750","0,41K","3,40%"
"30.07.2019","36.750","36.350","38.400","36.050","0,35K","0,86%"
"29.07.2019","36.438","36.555","36.800","36.080","0,25K","-0,32%"
"28.07.2019","36.555","36.790","37.364","36.051","0,10K","-0,64%"
"27.07.2019","36.790","37.578","38.200","36.258","0,28K","-2,61%"
"26.07.2019","37.775","37.989","37.989","37.300","0,27K","-0,11%"
"25.07.2019","37.815","37.273","38.460","37.115","0,36K","1,45%"
"24.07.2019","37.273","37.900","38.000","36.523","0,45K","-1,66%"
"23.07.2019","37.900","38.551","38.840","37.500","0,41K","-2,42%"
"22.07.2019","38.840","39.400","39.760","38.251","0,39K","-1,32%"
"21.07.2019","39.360","39.603","39.980","39.000","0,12K","-0,10%"
"20.07.2019","39.400","38.998","40.500","38.200","0,38K","1,03%"
"19.07.2019","38.998","38.901","39.490","38.000","0,57K","-0,01%"
"18.07.2019","39.000","36.920","40.000","34.500","1,24K","5,63%"
"17.07.2019","36.920","35.400","38.500","34.300","0,79K","4,29%"
"16.07.2019","35.400","41.990","42.279","35.000","0,99K","-15,69%"
"15.07.2019","41.990","40.599","42.300","39.001","0,62K","3,43%"
"14.07.2019","40.599","43.985","44.100","40.500","0,35K","-7,70%"
"13.07.2019","43.985","44.872","44.990","42.000","0,28K","-1,98%"
"12.07.2019","44.872","43.411","45.499","42.900","0,39K","3,35%"
"11.07.2019","43.415","46.385","46.612","42.600","0,73K","-6,40%"
"10.07.2019","46.385","47.232","49.800","44.102","1,17K","-1,80%"
"09.07.2019","47.233","46.027","47.602","46.027","0,52K","2,57%"
"08.07.2019","46.050","43.979","46.495","43.650","0,71K","5,01%"
"07.07.2019","43.855","43.325","43.990","43.000","0,07K","1,22%"
"06.07.2019","43.325","42.650","44.293","42.650","0,18K","1,58%"
"05.07.2019","42.650","43.109","44.499","42.245","0,50K","-1,07%"
"04.07.2019","43.109","44.950","45.735","43.000","0,60K","-3,78%"
"03.07.2019","44.802","41.599","44.991","41.255","0,88K","7,70%"
"02.07.2019","41.599","41.500","42.430","38.000","0,84K","0,24%"
"01.07.2019","41.500","43.290","44.198","38.202","1,06K","-4,13%"
"30.06.2019","43.290","45.975","46.300","42.581","0,39K","-5,89%"
"29.06.2019","45.999","47.547","47.600","44.010","0,37K","-3,26%"
"28.06.2019","47.547","43.499","47.990","42.001","0,89K","9,31%"
"27.06.2019","43.499","50.330","51.200","40.000","1,77K","-13,85%"
"26.06.2019","50.495","46.499","54.900","42.000","2,22K","9,30%"
"25.06.2019","46.200","42.325","46.500","42.320","0,84K","8,86%"
"24.06.2019","42.440","40.748","42.699","40.275","0,55K","4,15%"
"23.06.2019","40.750","40.123","41.500","40.000","0,22K","1,56%"
"22.06.2019","40.123","39.500","42.950","38.000","0,95K","1,58%"
"21.06.2019","39.500","36.686","39.500","36.500","0,61K","7,67%"
"20.06.2019","36.686","35.800","36.799","35.600","0,21K","2,47%"
"19.06.2019","35.800","35.228","35.850","35.200","0,31K","1,62%"
"18.06.2019","35.228","35.879","35.995","34.902","0,42K","-1,81%"
"17.06.2019","35.879","34.295","36.000","34.018","0,69K","4,65%"
"16.06.2019","34.285","33.950","35.399","33.400","0,28K","0,99%"
"15.06.2019","33.950","33.729","34.100","33.450","0,16K","0,66%"
"14.06.2019","33.729","32.220","33.990","31.900","0,44K","4,65%"
"13.06.2019","32.230","31.802","32.897","31.454","0,51K","1,35%"
"12.06.2019","31.802","31.148","31.998","30.730","0,40K","2,10%"
"11.06.2019","31.148","31.314","31.539","30.300","0,36K","-0,53%"
"10.06.2019","31.314","30.306","31.600","30.287","0,32K","3,33%"
"09.06.2019","30.306","31.498","31.498","30.003","0,12K","-3,79%"
"08.06.2019","31.498","31.682","31.890","31.000","0,11K","-0,58%"
"07.06.2019","31.683","30.551","31.999","30.399","0,39K","3,70%"
"06.06.2019","30.551","31.185","31.198","29.500","0,38K","-2,03%"
"05.06.2019","31.185","30.060","31.989","30.000","0,60K","3,74%"
"04.06.2019","30.060","32.945","32.950","29.501","0,92K","-8,76%"
"03.06.2019","32.945","34.647","34.772","32.101","0,51K","-4,91%"
"02.06.2019","34.647","34.489","34.850","34.201","0,07K","0,46%"
"01.06.2019","34.489","34.742","34.742","34.200","0,07K","-0,73%"
"31.05.2019","34.743","33.962","34.788","33.200","0,46K","2,30%"
"30.05.2019","33.962","34.980","35.800","32.803","0,68K","-2,91%"
"29.05.2019","34.980","35.480","35.600","34.900","0,39K","-1,74%"
"28.05.2019","35.600","35.533","35.700","35.000","0,38K","0,19%"
"27.05.2019","35.533","33.755","35.950","33.755","0,61K","5,27%"
"26.05.2019","33.755","32.598","34.000","32.200","0,35K","3,86%"
"25.05.2019","32.499","32.450","32.665","32.320","0,07K","0,54%"
"24.05.2019","32.323","32.099","32.849","31.750","0,36K","0,70%"
"23.05.2019","32.099","31.721","32.399","31.050","0,34K","1,19%"
"22.05.2019","31.721","32.770","32.900","31.500","0,46K","-3,20%"
"21.05.2019","32.770","32.690","32.999","32.250","0,36K","0,24%"
"20.05.2019","32.690","32.470","33.010","31.550","0,53K","0,68%"
"19.05.2019","32.470","30.240","32.700","30.240","0,34K","7,37%"
"18.05.2019","30.240","30.800","31.000","30.017","0,13K","-1,82%"
"17.05.2019","30.800","32.300","32.400","27.508","0,98K","-4,64%"
"16.05.2019","32.300","32.950","33.390","31.750","0,58K","-1,97%"
"15.05.2019","32.950","32.290","33.295","31.907","0,61K","2,02%"
"14.05.2019","32.298","31.800","33.298","30.200","0,99K","1,57%"
"13.05.2019","31.800","26.310","33.300","26.181","1,23K","20,87%"
"12.05.2019","26.310","29.099","29.099","25.100","0,44K","-9,34%"
"11.05.2019","29.020","25.680","29.324","25.510","0,42K","13,01%"
"10.05.2019","25.680","24.800","25.954","24.700","0,67K","3,55%"
"09.05.2019","24.800","23.800","24.900","23.700","0,42K","4,20%"
"08.05.2019","23.800","23.690","23.848","23.300","0,42K","0,42%"
"07.05.2019","23.700","23.020","24.000","22.885","0,55K","2,95%"
"06.05.2019","23.020","22.930","23.125","22.650","0,36K","0,39%"
"05.05.2019","22.930","23.100","23.170","22.850","0,08K","-0,74%"
"04.05.2019","23.100","22.899","23.190","22.401","0,18K","0,88%"
"03.05.2019","22.899","21.900","23.150","21.670","0,78K","4,56%"
"02.05.2019","21.900","21.169","21.998","21.100","0,47K","3,45%"
"01.05.2019","21.169","21.090","21.398","21.090","0,11K","0,37%"
"30.04.2019","21.090","20.947","21.497","20.675","0,46K","0,68%"
"29.04.2019","20.947","21.082","21.500","20.459","0,45K","-0,64%"
"28.04.2019","21.082","21.353","21.535","20.900","0,08K","-0,81%"
"27.04.2019","21.253","20.810","21.799","20.614","0,24K","2,13%"
"26.04.2019","20.810","21.490","21.799","20.200","0,59K","-2,76%"
"25.04.2019","21.400","22.115","22.300","21.001","0,47K","-3,67%"
"24.04.2019","22.215","22.258","22.570","21.789","0,54K","-0,19%"
"23.04.2019","22.258","21.751","22.676","21.490","0,55K","2,33%"
"22.04.2019","21.751","21.195","21.989","21.080","0,46K","3,15%"
"21.04.2019","21.086","21.248","21.278","21.020","0,07K","-0,76%"
"20.04.2019","21.248","21.015","21.280","21.015","0,05K","1,11%"
"19.04.2019","21.015","21.123","21.260","20.871","0,11K","-0,51%"
"18.04.2019","21.123","20.957","21.350","20.753","0,36K","0,79%"
"17.04.2019","20.957","20.547","20.957","20.254","0,40K","2,00%"
"16.04.2019","20.547","19.922","20.550","19.800","0,35K","3,14%"
"15.04.2019","19.922","20.250","20.400","19.601","0,38K","-1,66%"
"14.04.2019","20.259","20.067","20.260","19.926","0,04K","0,96%"
"13.04.2019","20.067","20.201","20.449","20.015","0,07K","-0,66%"
"12.04.2019","20.201","19.939","20.500","19.500","0,36K","1,85%"
"11.04.2019","19.833","20.899","20.900","19.501","0,57K","-5,10%"
"10.04.2019","20.899","20.401","21.100","20.371","0,45K","1,96%"
"09.04.2019","20.498","20.699","20.899","20.351","0,48K","-0,97%"
"08.04.2019","20.699","20.202","20.860","20.050","0,42K","2,46%"
"07.04.2019","20.202","19.911","20.362","19.805","0,10K","1,46%"
"06.04.2019","19.911","19.900","20.350","19.657","0,19K","0,06%"
"05.04.2019","19.900","19.199","19.900","19.009","0,35K","3,65%"
"04.04.2019","19.199","19.740","19.950","18.765","0,51K","-2,74%"
"03.04.2019","19.740","19.100","21.000","18.001","0,91K","3,35%"
"02.04.2019","19.100","16.480","19.399","16.380","0,75K","15,90%"
"01.04.2019","16.480","16.450","16.580","16.182","0,49K","-0,08%"
"31.03.2019","16.494","16.499","16.649","16.370","0,08K","-0,03%"
"30.03.2019","16.499","16.350","16.499","16.230","0,11K","0,91%"
"29.03.2019","16.350","15.986","16.480","15.876","0,35K","2,96%"
"28.03.2019","15.880","16.090","16.199","15.782","0,36K","-1,08%"
"27.03.2019","16.054","15.579","16.250","15.452","0,34K","3,05%"
"26.03.2019","15.579","15.459","15.600","15.200","0,27K","0,78%"
"25.03.2019","15.459","15.916","16.050","15.222","0,43K","-2,96%"
"24.03.2019","15.930","16.030","16.050","15.904","0,02K","-0,62%"
"23.03.2019","16.030","15.945","16.286","15.851","0,14K","0,53%"
"22.03.2019","15.945","15.431","15.980","15.410","0,25K","3,33%"
"21.03.2019","15.431","15.500","15.600","15.340","0,28K","-0,45%"
"20.03.2019","15.500","15.499","15.500","15.295","0,29K","0,01%"
"19.03.2019","15.499","15.380","15.510","15.210","0,39K","1,37%"
"18.03.2019","15.289","15.198","15.447","15.060","0,31K","0,60%"
"17.03.2019","15.198","15.290","15.290","15.050","0,05K","-0,54%"
"16.03.2019","15.280","15.200","15.350","15.101","0,08K","0,55%"
"15.03.2019","15.196","15.050","15.243","14.985","0,27K","0,97%"
"14.03.2019","15.050","15.050","15.150","14.780","0,25K","0,00%"
"13.03.2019","15.050","14.998","15.100","14.837","0,23K","0,35%"
"12.03.2019","14.998","15.020","15.310","14.800","0,32K","-0,15%"
"11.03.2019","15.020","15.289","15.330","13.800","0,31K","-1,76%"
"10.03.2019","15.289","15.400","15.400","15.181","0,03K","-0,72%"
"09.03.2019","15.400","15.108","15.400","15.103","0,07K","1,93%"
"08.03.2019","15.108","15.235","15.450","14.991","0,38K","-0,83%"
"07.03.2019","15.235","14.850","15.300","14.730","0,26K","3,08%"
"06.03.2019","14.780","14.481","15.000","14.400","0,22K","2,07%"
"05.03.2019","14.481","14.250","14.600","14.200","0,07K","1,62%"
"04.03.2019","14.250","14.697","14.698","14.250","0,07K","-3,04%"
"03.03.2019","14.697","14.647","14.800","14.560","0,02K","-0,02%"
"02.03.2019","14.700","14.706","14.847","14.612","0,05K","-0,04%"
"01.03.2019","14.706","14.415","15.000","14.385","0,28K","2,02%"
"28.02.2019","14.415","14.400","14.810","14.306","0,24K","-0,09%"
"27.02.2019","14.429","14.557","14.600","14.101","0,24K","-0,88%"
"26.02.2019","14.557","14.572","14.746","14.342","0,27K","-0,10%"
"25.02.2019","14.572","14.475","14.789","14.265","0,25K","0,67%"
"24.02.2019","14.475","15.388","15.497","14.300","0,12K","-5,93%"
"23.02.2019","15.388","15.000","15.497","14.861","0,11K","2,58%"
"22.02.2019","15.000","14.875","15.094","14.862","0,20K","0,84%"
"21.02.2019","14.875","14.950","15.100","14.800","0,27K","-0,50%"
"20.02.2019","14.950","14.630","15.100","14.552","0,33K","2,19%"
"19.02.2019","14.630","14.561","14.925","14.422","0,29K","0,48%"
"18.02.2019","14.561","13.568","14.949","13.490","0,42K","7,32%"
"17.02.2019","13.568","13.680","13.680","13.472","0,04K","-0,28%"
"16.02.2019","13.605","13.437","13.695","13.419","0,06K","1,25%"
"15.02.2019","13.437","13.450","13.643","13.320","0,22K","-0,10%"
"14.02.2019","13.450","13.650","13.798","13.450","0,27K","-1,47%"
"13.02.2019","13.650","13.530","13.900","13.490","0,31K","0,59%"
"12.02.2019","13.570","13.771","13.900","13.500","0,29K","-1,46%"
"11.02.2019","13.771","13.410","13.900","13.321","0,26K","2,69%"
"10.02.2019","13.410","13.333","13.577","13.300","0,05K","0,08%"
"09.02.2019","13.400","13.400","13.539","13.311","0,07K","0,00%"
"08.02.2019","13.400","12.695","13.945","12.600","0,38K","5,55%"
"07.02.2019","12.695","12.660","12.769","12.580","0,16K","0,28%"
"06.02.2019","12.660","12.710","12.830","12.550","0,25K","-0,39%"
"05.02.2019","12.710","12.579","13.000","12.511","0,33K","1,04%"
"04.02.2019","12.579","12.570","12.750","12.460","0,20K","0,07%"
"03.02.2019","12.570","12.705","12.726","12.510","0,03K","-1,02%"
"02.02.2019","12.700","12.650","12.770","12.600","0,04K","0,40%"
"01.02.2019","12.650","12.747","12.837","12.502","0,19K","-0,76%"
"31.01.2019","12.747","12.955","12.955","12.500","0,25K","-1,60%"
"30.01.2019","12.955","12.838","13.150","12.705","0,19K","0,91%"
"29.01.2019","12.838","13.100","13.199","12.737","0,25K","-2,00%"
"28.01.2019","13.100","13.415","13.495","12.901","0,20K","-2,35%"
"27.01.2019","13.415","13.588","13.600","13.306","0,05K","-0,95%"
"26.01.2019","13.543","13.528","13.699","13.528","0,02K","0,11%"
"25.01.2019","13.528","13.657","13.728","13.500","0,17K","-0,94%"
"24.01.2019","13.657","13.588","13.760","13.501","0,14K","0,50%"
"23.01.2019","13.588","13.783","13.950","13.522","0,16K","-1,88%"
"22.01.2019","13.848","13.645","13.948","13.506","0,22K","1,82%"
"21.01.2019","13.600","13.669","13.739","13.500","0,09K","0,21%"
"20.01.2019","13.572","14.050","14.079","13.532","0,08K","-3,40%"
"19.01.2019","14.049","13.801","14.100","13.772","0,06K","1,80%"
"18.01.2019","13.801","13.767","14.085","13.625","0,21K","0,25%"
"17.01.2019","13.767","13.696","14.100","13.502","0,21K","0,51%"
"16.01.2019","13.696","13.617","14.369","13.617","0,24K","0,37%"
"15.01.2019","13.645","14.170","14.566","13.590","0,35K","-3,71%"
"14.01.2019","14.170","13.495","14.566","13.256","0,26K","5,00%"
"13.01.2019","13.495","13.890","13.980","13.222","0,08K","-2,84%"
"12.01.2019","13.890","13.933","14.300","13.760","0,07K","-0,31%"
"11.01.2019","13.933","13.811","14.394","13.700","0,30K","0,88%"
"10.01.2019","13.811","15.215","15.343","13.500","0,36K","-9,23%"
"09.01.2019","15.215","15.170","15.448","14.930","0,26K","0,30%"
"08.01.2019","15.170","15.112","15.499","15.021","0,23K","-0,20%"
"07.01.2019","15.200","15.081","15.300","14.900","0,14K","0,79%"
"06.01.2019","15.081","14.615","15.230","14.499","0,08K","3,19%"
"05.01.2019","14.615","14.719","15.188","14.554","0,06K","-0,70%"
"04.01.2019","14.719","14.750","15.197","14.250","0,23K","-0,21%"
"03.01.2019","14.750","15.108","15.387","14.485","0,32K","-2,37%"
"02.01.2019","15.108","15.201","15.360","14.900","0,20K","-0,60%"
"01.01.2019","15.200","14.884","15.200","14.790","0,03K","2,14%"
"31.12.2018","14.882","15.395","15.395","14.760","0,10K","-3,33%"
"30.12.2018","15.395","15.114","15.400","15.000","0,03K","1,86%"
"29.12.2018","15.114","15.400","15.950","15.020","0,09K","-2,07%"
"28.12.2018","15.433","14.479","15.650","14.301","0,26K","6,80%"
"27.12.2018","14.450","15.338","15.888","14.305","0,30K","-5,79%"
"26.12.2018","15.338","15.537","15.800","14.802","0,21K","-1,28%"
"25.12.2018","15.537","16.066","17.000","15.000","0,17K","-3,30%"
"24.12.2018","16.066","15.700","16.967","15.550","0,21K","2,70%"
"23.12.2018","15.643","15.689","15.990","15.455","0,08K","0,27%"
"22.12.2018","15.600","15.550","15.800","15.080","0,09K","0,32%"
"21.12.2018","15.550","15.805","16.788","15.000","0,38K","-1,61%"
"20.12.2018","15.805","14.800","16.445","14.540","0,41K","6,79%"
"19.12.2018","14.800","14.669","16.000","14.340","0,48K","0,89%"
"18.12.2018","14.669","13.741","15.000","13.460","0,23K","6,76%"
"17.12.2018","13.741","12.603","13.995","12.501","0,31K","9,03%"
"16.12.2018","12.603","12.688","12.798","12.511","0,04K","-0,67%"
"15.12.2018","12.688","12.651","12.860","12.501","0,06K","-0,10%"
"14.12.2018","12.700","13.021","13.160","12.600","0,21K","-3,05%"
"13.12.2018","13.100","13.402","13.684","12.909","0,21K","-2,25%"
"12.12.2018","13.402","13.488","13.632","13.262","0,18K","-0,63%"
"11.12.2018","13.488","13.532","13.822","13.117","0,20K","-0,33%"
"10.12.2018","13.532","13.761","14.195","13.407","0,27K","-1,66%"
"09.12.2018","13.761","13.341","14.100","13.151","0,07K","3,15%"
"08.12.2018","13.341","13.315","13.501","13.001","0,07K","0,19%"
"07.12.2018","13.315","13.901","14.050","12.544","0,37K","-4,21%"
"06.12.2018","13.901","14.535","14.920","13.900","0,23K","-4,93%"
"05.12.2018","14.622","15.076","15.497","14.512","0,19K","-3,01%"
"04.12.2018","15.076","14.978","15.499","14.701","0,19K","0,66%"
"03.12.2018","14.978","16.149","16.200","14.850","0,26K","-7,25%"
"02.12.2018","16.149","16.127","16.499","15.800","0,06K","0,14%"
"01.12.2018","16.127","15.600","16.700","15.385","0,10K","3,38%"
"30.11.2018","15.600","16.700","16.700","15.027","0,21K","-6,59%"
"29.11.2018","16.700","16.669","17.486","16.066","0,26K","0,18%"
"28.11.2018","16.669","14.825","17.000","14.825","0,34K","12,40%"
"27.11.2018","14.830","14.800","15.100","14.329","0,22K","0,20%"
"26.11.2018","14.800","15.071","15.799","14.200","0,29K","-1,80%"
"25.11.2018","15.071","14.902","16.000","13.900","0,21K","1,07%"
"24.11.2018","14.912","16.750","16.921","14.202","0,24K","-10,97%"
"23.11.2018","16.750","17.000","17.697","16.470","0,24K","-2,62%"
"22.11.2018","17.200","17.770","18.198","17.000","0,27K","-3,10%"
"21.11.2018","17.750","15.790","18.300","15.207","0,28K","12,41%"
"20.11.2018","15.790","18.249","19.000","15.550","0,38K","-12,79%"
"19.11.2018","18.105","21.070","21.150","17.803","0,29K","-14,07%"
"18.11.2018","21.070","21.129","21.297","20.954","0,03K","-0,28%"
"17.11.2018","21.129","21.050","21.400","20.801","0,04K","0,38%"
"16.11.2018","21.050","21.100","22.300","20.450","0,15K","-0,24%"
"15.11.2018","21.100","21.999","22.297","20.179","0,12K","-4,09%"
"14.11.2018","21.999","24.298","24.300","21.500","0,27K","-9,46%"
"13.11.2018","24.298","24.050","24.446","23.956","0,08K","1,03%"
"12.11.2018","24.050","24.130","24.310","24.000","0,08K","-0,33%"
"11.11.2018","24.130","24.282","24.299","24.005","0,02K","-0,63%"
"10.11.2018","24.282","24.190","24.300","24.000","0,02K","0,38%"
"09.11.2018","24.190","24.450","24.450","24.000","0,08K","-1,07%"
"08.11.2018","24.451","24.651","24.800","24.200","0,10K","-1,17%"
"07.11.2018","24.740","24.295","24.884","24.202","0,12K","2,22%"
"06.11.2018","24.202","24.150","24.500","23.600","0,14K","0,22%"
"05.11.2018","24.150","23.599","24.229","23.301","0,17K","2,34%"
"04.11.2018","23.598","23.400","23.790","23.090","0,04K","0,85%"
"03.11.2018","23.400","23.750","23.750","23.352","0,02K","-1,47%"
"02.11.2018","23.750","23.963","23.965","23.346","0,02K","-0,89%"
"01.11.2018","23.963","23.800","24.000","22.200","0,11K","0,68%"
"31.10.2018","23.800","23.450","24.000","23.271","0,10K","1,49%"
"30.10.2018","23.450","23.400","23.690","23.000","0,08K","-0,19%"
"29.10.2018","23.495","23.213","23.650","22.200","0,17K","1,21%"
"28.10.2018","23.213","23.610","23.758","23.213","0,02K","-1,67%"
"27.10.2018","23.608","23.800","23.999","23.601","0,02K","-0,81%"
"26.10.2018","23.800","24.003","24.274","23.700","0,07K","-0,84%"
"25.10.2018","24.003","24.225","24.396","23.903","0,07K","-0,92%"
"24.10.2018","24.225","24.046","24.400","23.500","0,12K","0,74%"
"23.10.2018","24.046","23.908","24.300","23.650","0,09K","0,58%"
"22.10.2018","23.908","24.195","24.398","23.900","0,13K","-0,80%"
"21.10.2018","24.100","24.091","24.289","24.060","0,01K","0,04%"
"20.10.2018","24.091","24.189","24.289","24.000","0,02K","-0,41%"
"19.10.2018","24.189","24.458","24.480","23.820","0,08K","-1,10%"
"18.10.2018","24.458","24.299","24.499","24.125","0,08K","0,65%"
"17.10.2018","24.299","24.400","24.549","24.101","0,09K","-0,09%"
"16.10.2018","24.320","24.498","24.600","24.100","0,10K","-0,73%"
"15.10.2018","24.498","23.862","25.495","23.804","0,19K","1,78%"
"14.10.2018","24.069","24.090","24.095","23.537","0,04K","-0,09%"
"13.10.2018","24.090","24.063","24.124","23.700","0,02K","0,11%"
"12.10.2018","24.063","23.815","24.190","23.710","0,05K","1,04%"
"11.10.2018","23.815","25.141","25.280","23.623","0,33K","-5,80%"
"10.10.2018","25.280","25.232","25.600","24.900","0,15K","0,19%"
"09.10.2018","25.232","25.680","25.881","25.000","0,14K","-1,75%"
"08.10.2018","25.680","25.695","25.940","25.200","0,16K","-0,06%"
"07.10.2018","25.695","25.870","26.300","25.540","0,03K","-0,68%"
"06.10.2018","25.870","26.060","26.260","25.850","0,02K","-0,73%"
"05.10.2018","26.060","25.883","26.300","25.711","0,10K","0,68%"
"04.10.2018","25.883","25.808","26.400","25.612","0,10K","0,29%"
"03.10.2018","25.808","26.352","26.548","25.262","0,20K","-2,79%"
"02.10.2018","26.548","27.054","27.100","26.066","0,17K","-1,87%"
"01.10.2018","27.054","26.730","27.100","26.688","0,11K","1,21%"
"30.09.2018","26.730","26.820","27.000","26.712","0,02K","-0,34%"
"29.09.2018","26.820","26.951","27.100","26.701","0,02K","-0,49%"
"28.09.2018","26.951","27.090","27.294","26.700","0,10K","0,00%"
"27.09.2018","26.950","26.760","27.196","26.545","0,11K","0,71%"
"26.09.2018","26.760","26.706","27.200","26.612","0,11K","0,20%"
"25.09.2018","26.706","27.545","27.545","26.500","0,17K","-3,05%"
"24.09.2018","27.545","27.338","27.683","26.851","0,10K","0,76%"
"23.09.2018","27.338","27.229","27.349","27.053","0,01K","0,40%"
"22.09.2018","27.229","27.320","27.650","27.000","0,03K","-0,33%"
"21.09.2018","27.320","26.901","27.700","26.770","0,15K","1,56%"
"20.09.2018","26.901","26.750","27.051","26.524","0,09K","0,56%"
"19.09.2018","26.752","27.000","27.100","26.000","0,17K","-0,92%"
"18.09.2018","27.000","26.570","27.290","26.300","0,12K","1,93%"
"17.09.2018","26.490","27.259","27.489","26.350","0,14K","-2,82%"
"16.09.2018","27.259","27.430","27.597","27.100","0,02K","-0,62%"
"15.09.2018","27.430","27.650","27.700","27.402","0,03K","-0,80%"
"14.09.2018","27.650","27.488","27.800","27.361","0,07K","0,57%"
"13.09.2018","27.493","26.814","27.899","26.814","0,15K","2,49%"
"12.09.2018","26.824","26.615","26.996","26.252","0,14K","0,79%"
"11.09.2018","26.615","26.645","26.850","26.243","0,10K","-0,11%"
"10.09.2018","26.645","26.930","27.470","26.002","0,13K","-1,06%"
"09.09.2018","26.930","26.531","27.600","26.309","0,06K","1,50%"
"08.09.2018","26.531","27.222","27.380","26.500","0,06K","-2,54%"
"07.09.2018","27.222","27.775","27.910","27.101","0,06K","-1,99%"
"06.09.2018","27.775","28.400","29.000","26.850","0,25K","-1,86%"
"05.09.2018","28.300","30.799","30.998","28.300","0,25K","-7,81%"
"04.09.2018","30.698","30.060","31.020","29.900","0,20K","2,12%"
"03.09.2018","30.060","29.199","30.540","28.800","0,24K","2,95%"
"02.09.2018","29.199","29.101","29.300","28.900","0,03K","0,34%"
"01.09.2018","29.101","29.040","29.348","28.781","0,06K","0,21%"
"31.08.2018","29.040","28.815","29.399","28.549","0,12K","0,78%"
"30.08.2018","28.815","29.067","29.100","28.234","0,12K","-0,87%"
"29.08.2018","29.067","28.713","29.500","28.218","0,18K","0,44%"
"28.08.2018","28.940","27.699","29.235","27.530","0,23K","4,48%"
"27.08.2018","27.699","26.829","27.750","26.645","0,12K","3,24%"
"26.08.2018","26.829","27.100","27.200","26.600","0,03K","-1,00%"
"25.08.2018","27.100","27.016","27.457","26.903","0,05K","0,31%"
"24.08.2018","27.016","26.351","27.275","26.275","0,11K","2,53%"
"23.08.2018","26.350","25.592","26.783","25.550","0,08K","2,96%"
"22.08.2018","25.592","26.096","27.500","25.569","0,18K","-1,93%"
"21.08.2018","26.096","25.510","26.100","25.510","0,08K","1,63%"
"20.08.2018","25.678","25.899","25.950","25.507","0,09K","-0,85%"
"19.08.2018","25.899","25.780","25.899","25.561","0,02K","0,46%"
"18.08.2018","25.780","25.861","26.000","25.451","0,04K","-0,31%"
"17.08.2018","25.861","25.436","25.990","25.196","0,09K","1,67%"
"16.08.2018","25.436","25.200","25.600","24.718","0,10K","0,94%"
"15.08.2018","25.200","24.598","25.998","24.432","0,18K","2,45%"
"14.08.2018","24.598","24.930","25.600","23.999","0,26K","-1,33%"
"13.08.2018","24.930","25.160","25.793","24.660","0,09K","-0,91%"
"12.08.2018","25.160","25.068","25.400","24.900","0,02K","0,37%"
"11.08.2018","25.068","24.800","25.500","24.450","0,04K","1,00%"
"10.08.2018","24.819","25.600","26.090","24.500","0,16K","-3,05%"
"09.08.2018","25.600","25.400","25.988","24.500","0,19K","0,79%"
"08.08.2018","25.400","26.140","26.140","24.100","0,33K","-2,83%"
"07.08.2018","26.140","26.770","27.300","25.612","0,18K","-2,35%"
"06.08.2018","26.770","27.369","28.000","26.200","0,14K","-2,19%"
"05.08.2018","27.369","27.060","27.600","26.875","0,04K","1,14%"
"04.08.2018","27.060","28.589","28.800","26.838","0,10K","-5,35%"
"03.08.2018","28.589","29.006","29.021","28.053","0,13K","-1,44%"
"02.08.2018","29.006","28.904","29.780","28.600","0,09K","0,35%"
"01.08.2018","28.904","29.490","29.560","28.610","0,13K","-1,99%"
"31.07.2018","29.490","30.625","30.910","29.200","0,15K","-3,71%"
"30.07.2018","30.625","30.720","31.000","30.000","0,11K","-0,31%"
"29.07.2018","30.720","30.869","30.999","30.521","0,02K","-0,48%"
"28.07.2018","30.869","30.510","30.900","30.510","0,03K","1,18%"
"27.07.2018","30.510","29.854","31.150","29.200","0,15K","2,20%"
"26.07.2018","29.854","30.793","31.300","29.149","0,18K","-3,05%"
"25.07.2018","30.793","31.900","31.989","30.100","0,20K","-3,47%"
"24.07.2018","31.900","29.698","31.900","29.600","0,27K","7,68%"
"23.07.2018","29.625","28.639","29.842","28.304","0,16K","3,44%"
"22.07.2018","28.639","28.551","28.900","28.471","0,03K","0,15%"
"21.07.2018","28.597","28.573","28.798","28.001","0,04K","0,09%"
"20.07.2018","28.573","28.813","29.138","28.268","0,12K","-0,83%"
"19.07.2018","28.813","28.306","29.200","28.000","0,11K","1,79%"
"18.07.2018","28.306","27.949","29.323","27.500","0,26K","1,28%"
"17.07.2018","27.949","25.871","28.497","25.601","0,31K","8,03%"
"16.07.2018","25.871","24.780","26.000","24.550","0,14K","4,40%"
"15.07.2018","24.780","24.370","25.000","24.366","0,03K","1,68%"
"14.07.2018","24.370","24.356","24.600","24.305","0,02K","0,06%"
"13.07.2018","24.356","24.398","24.600","24.251","0,09K","-0,17%"
"12.07.2018","24.398","25.200","25.281","23.801","0,15K","-3,18%"
"11.07.2018","25.200","25.098","25.494","24.730","0,10K","0,80%"
"10.07.2018","25.000","26.145","26.300","24.717","0,15K","-4,38%"
"09.07.2018","26.146","26.000","26.500","25.900","0,09K","0,56%"
"08.07.2018","26.000","26.250","26.280","25.900","0,02K","-0,95%"
"07.07.2018","26.250","25.900","26.298","25.732","0,04K","1,35%"
"06.07.2018","25.900","25.938","26.120","25.701","0,07K","-0,15%"
"05.07.2018","25.938","26.000","26.180","25.520","0,09K","-0,24%"
"04.07.2018","26.000","25.586","26.453","25.000","0,15K","1,17%"
"03.07.2018","25.700","25.720","26.190","25.480","0,08K","-0,39%"
"02.07.2018","25.800","24.800","26.389","24.500","0,15K","4,03%"
"01.07.2018","24.800","24.849","24.900","24.365","0,04K","-0,20%"
"30.06.2018","24.849","24.043","25.000","24.040","0,07K","3,35%"
"29.06.2018","24.043","23.129","24.251","22.802","0,10K","3,95%"
"28.06.2018","23.129","24.030","24.199","22.647","0,09K","-3,75%"
"27.06.2018","24.030","24.000","24.150","23.589","0,09K","0,13%"
"26.06.2018","24.000","24.133","26.499","23.507","0,13K","-0,55%"
"25.06.2018","24.133","23.650","24.500","23.450","0,07K","2,04%"
"24.06.2018","23.650","24.399","24.399","22.780","0,06K","-3,07%"
"23.06.2018","24.399","23.690","24.600","23.505","0,05K","2,99%"
"22.06.2018","23.690","25.803","26.155","23.100","0,19K","-8,19%"
"21.06.2018","25.803","26.000","26.211","25.700","0,07K","-0,76%"
"20.06.2018","26.000","26.200","26.420","25.577","0,07K","-0,76%"
"19.06.2018","26.200","26.207","26.450","26.000","0,08K","-0,03%"
"18.06.2018","26.207","25.590","26.499","25.000","0,11K","2,41%"
"17.06.2018","25.590","25.596","25.649","25.302","0,01K","-0,02%"
"16.06.2018","25.596","25.140","25.800","25.115","0,04K","1,81%"
"15.06.2018","25.140","26.476","26.476","25.100","0,09K","-5,04%"
"14.06.2018","26.476","24.070","26.660","24.000","0,17K","9,99%"
"13.06.2018","24.070","25.349","25.350","23.651","0,20K","-5,05%"
"12.06.2018","25.349","26.601","26.990","25.005","0,17K","-4,71%"
"11.06.2018","26.601","26.451","27.798","26.000","0,20K","0,57%"
"10.06.2018","26.451","29.056","29.469","26.440","0,14K","-8,97%"
"09.06.2018","29.056","29.250","29.999","29.051","0,05K","-0,36%"
"08.06.2018","29.160","30.000","30.304","29.151","0,11K","-2,70%"
"07.06.2018","29.970","29.590","30.400","29.365","0,12K","1,28%"
"06.06.2018","29.590","29.090","29.700","28.920","0,08K","2,03%"
"05.06.2018","29.000","28.750","29.301","28.215","0,09K","0,87%"
"04.06.2018","28.750","29.080","29.323","28.301","0,08K","-1,13%"
"03.06.2018","29.080","28.850","29.387","28.808","0,03K","0,80%"
"02.06.2018","28.850","28.383","29.278","28.315","0,04K","1,65%"
"01.06.2018","28.383","28.249","28.650","28.015","0,06K","0,47%"
"31.05.2018","28.249","28.018","28.599","27.780","0,05K","0,82%"
"30.05.2018","28.018","28.400","29.000","27.700","0,08K","-1,35%"
"29.05.2018","28.400","27.040","28.776","26.307","0,10K","5,19%"
"28.05.2018","27.000","27.350","27.805","27.000","0,05K","-1,28%"
"27.05.2018","27.350","27.790","27.990","27.260","0,03K","-1,58%"
"26.05.2018","27.790","28.150","28.395","27.435","0,02K","-1,28%"
"25.05.2018","28.150","28.650","28.710","27.751","0,07K","-1,75%"
"24.05.2018","28.650","28.021","28.940","27.228","0,13K","2,24%"
"23.05.2018","28.021","29.825","30.289","27.501","0,19K","-5,97%"
"22.05.2018","29.800","31.473","31.500","29.400","0,10K","-5,31%"
"21.05.2018","31.472","32.140","32.348","31.102","0,06K","-2,08%"
"20.05.2018","32.140","31.605","32.499","31.470","0,04K","1,69%"
"19.05.2018","31.605","31.405","31.989","31.009","0,03K","0,33%"
"18.05.2018","31.500","30.688","31.500","30.000","0,08K","2,65%"
"17.05.2018","30.688","31.399","31.500","30.310","0,07K","-2,26%"
"16.05.2018","31.399","32.000","32.389","31.051","0,11K","-2,59%"
"15.05.2018","32.234","32.295","32.900","31.850","0,13K","-0,19%"
"14.05.2018","32.295","32.530","32.900","31.420","0,12K","-1,21%"
"13.05.2018","32.690","31.790","32.948","31.520","0,04K","2,83%"
"12.05.2018","31.790","31.329","32.500","30.998","0,08K","1,47%"
"11.05.2018","31.329","33.090","33.677","31.000","0,30K","-5,06%"
"10.05.2018","33.000","33.810","34.100","33.000","0,15K","-2,40%"
"09.05.2018","33.810","33.600","34.150","33.080","0,11K","0,61%"
"08.05.2018","33.605","33.950","34.140","33.107","0,13K","-1,02%"
"07.05.2018","33.950","34.200","34.250","33.100","0,12K","-0,73%"
"06.05.2018","34.200","34.795","34.928","33.555","0,07K","-0,92%"
"05.05.2018","34.518","34.200","35.300","34.009","0,14K","0,93%"
"04.05.2018","34.200","34.119","34.400","33.650","0,13K","0,24%"
"03.05.2018","34.119","32.470","34.499","32.300","0,22K","5,08%"
"02.05.2018","32.470","32.020","32.800","31.801","0,10K","1,40%"
"01.05.2018","32.020","32.430","32.650","31.790","0,06K","-1,26%"
"30.04.2018","32.430","32.599","32.870","32.204","0,08K","-0,52%"
"29.04.2018","32.599","32.159","32.900","32.150","0,04K","1,37%"
"28.04.2018","32.159","31.700","32.700","31.650","0,04K","1,45%"
"27.04.2018","31.700","32.640","32.992","31.600","0,11K","-2,88%"
"26.04.2018","32.640","31.497","33.050","30.800","0,18K","3,63%"
"25.04.2018","31.497","33.803","34.000","30.000","0,40K","-6,82%"
"24.04.2018","33.803","30.797","34.000","30.754","0,33K","9,76%"
"23.04.2018","30.797","30.197","30.890","29.980","0,13K","1,99%"
"22.04.2018","30.197","30.090","30.488","29.900","0,06K","0,36%"
"21.04.2018","30.090","30.500","30.500","29.316","0,12K","-1,34%"
"20.04.2018","30.500","28.179","30.500","28.002","0,24K","8,24%"
"19.04.2018","28.179","27.765","28.400","27.650","0,12K","1,49%"
"18.04.2018","27.765","27.470","27.939","27.216","0,11K","1,07%"
"17.04.2018","27.470","27.350","27.980","27.111","0,10K","0,44%"
"16.04.2018","27.350","28.200","28.450","26.900","0,13K","-3,01%"
"15.04.2018","28.200","27.150","28.490","27.010","0,10K","3,87%"
"14.04.2018","27.150","26.850","27.675","26.800","0,07K","1,12%"
"13.04.2018","26.850","26.948","28.301","26.055","0,30K","-0,36%"
"12.04.2018","26.948","23.900","27.000","23.600","0,35K","12,75%"
"11.04.2018","23.900","23.405","24.299","23.400","0,10K","2,11%"
"10.04.2018","23.405","23.475","23.886","23.165","0,10K","-0,30%"
"09.04.2018","23.475","23.980","24.502","23.106","0,13K","-2,10%"
"08.04.2018","23.980","23.583","24.150","23.569","0,05K","1,68%"
"07.04.2018","23.583","22.988","24.162","22.771","0,09K","2,59%"
"06.04.2018","22.988","23.240","23.597","22.550","0,13K","-1,08%"
"05.04.2018","23.240","23.776","24.368","22.800","0,22K","-2,25%"
"04.04.2018","23.776","25.549","25.765","23.112","0,23K","-6,94%"
"03.04.2018","25.549","24.323","27.599","24.100","0,37K","5,04%"
"02.04.2018","24.323","23.400","24.788","23.400","0,15K","3,94%"
"01.04.2018","23.400","24.150","24.480","23.060","0,08K","-3,10%"
"31.03.2018","24.150","23.700","25.100","23.540","0,08K","1,90%"
"30.03.2018","23.700","24.676","24.890","23.000","0,19K","-3,96%"
"29.03.2018","24.676","27.000","27.279","24.400","0,29K","-8,10%"
"28.03.2018","26.850","27.000","27.600","26.700","0,09K","-0,56%"
"27.03.2018","27.000","28.100","28.350","26.900","0,12K","-3,91%"
"26.03.2018","28.100","28.968","29.300","26.515","0,28K","-3,00%"
"25.03.2018","28.968","29.300","29.440","28.889","0,04K","-1,13%"
"24.03.2018","29.300","29.530","29.845","29.009","0,06K","-0,78%"
"23.03.2018","29.530","29.199","29.846","28.100","0,12K","1,13%"
"22.03.2018","29.199","29.949","30.499","28.190","0,15K","-2,50%"
"21.03.2018","29.949","29.609","30.900","28.601","0,23K","1,15%"
"20.03.2018","29.609","28.336","29.980","27.700","0,21K","4,49%"
"19.03.2018","28.336","27.350","29.280","26.046","0,30K","3,61%"
"18.03.2018","27.350","26.700","27.600","24.711","0,23K","2,43%"
"17.03.2018","26.700","27.352","27.980","25.891","0,13K","-2,38%"
"16.03.2018","27.352","26.893","28.999","26.201","0,20K","1,71%"
"15.03.2018","26.893","26.630","27.900","25.000","0,26K","0,99%"
"14.03.2018","26.630","30.349","30.699","25.439","0,45K","-12,25%"
"13.03.2018","30.349","30.840","31.195","29.751","0,13K","-1,59%"
"12.03.2018","30.840","30.950","32.500","29.701","0,19K","-0,36%"
"11.03.2018","30.950","30.334","32.699","29.050","0,16K","2,03%"
"10.03.2018","30.334","31.500","33.289","29.945","0,16K","-3,70%"
"09.03.2018","31.500","31.200","32.000","28.650","0,34K","0,96%"
"08.03.2018","31.200","33.500","34.500","30.990","0,27K","-6,87%"
"07.03.2018","33.500","35.500","36.399","32.102","0,37K","-5,63%"
"06.03.2018","35.500","38.007","38.100","35.305","0,29K","-6,60%"
"05.03.2018","38.007","37.301","38.424","37.117","0,16K","1,89%"
"04.03.2018","37.301","37.638","37.679","36.700","0,07K","-0,90%"
"03.03.2018","37.638","36.201","37.800","36.201","0,13K","3,97%"
"02.03.2018","36.201","35.975","36.500","35.642","0,15K","0,63%"
"01.03.2018","35.975","34.500","36.200","34.450","0,17K","4,28%"
"28.02.2018","34.500","35.450","36.100","34.012","0,18K","-2,68%"
"27.02.2018","35.450","33.997","35.999","33.500","0,21K","4,27%"
"26.02.2018","33.997","32.260","34.500","31.850","0,21K","5,38%"
"25.02.2018","32.260","32.350","33.497","31.511","0,08K","-0,28%"
"24.02.2018","32.350","34.011","34.899","32.000","0,12K","-4,88%"
"23.02.2018","34.011","33.356","35.200","32.000","0,26K","1,96%"
"22.02.2018","33.356","35.500","37.200","32.000","0,35K","-6,04%"
"21.02.2018","35.500","37.788","38.899","34.202","0,53K","-6,05%"
"20.02.2018","37.788","37.250","39.500","37.250","0,38K","1,44%"
"19.02.2018","37.250","35.699","37.999","35.000","0,26K","4,34%"
"18.02.2018","35.699","37.000","38.043","35.000","0,34K","-3,52%"
"17.02.2018","37.000","33.750","37.000","33.280","0,30K","9,63%"
"16.02.2018","33.750","33.799","34.094","29.971","0,19K","-0,14%"
"15.02.2018","33.799","31.700","34.856","31.400","0,47K","6,62%"
"14.02.2018","31.700","28.650","32.000","28.650","0,38K","10,65%"
"13.02.2018","28.650","29.000","29.100","28.320","0,06K","-1,21%"
"12.02.2018","29.000","27.750","29.100","27.650","0,13K","4,50%"
"11.02.2018","27.750","28.490","28.500","27.200","0,10K","-2,60%"
"10.02.2018","28.490","28.390","29.550","27.605","0,22K","0,35%"
"09.02.2018","28.390","27.500","29.100","25.600","0,32K","3,24%"
"08.02.2018","27.500","24.650","28.500","24.341","0,35K","11,56%"
"07.02.2018","24.650","24.950","28.900","24.151","0,63K","-1,20%"
"06.02.2018","24.950","22.700","25.499","20.000","0,91K","9,91%"
"05.02.2018","22.700","27.300","28.100","21.550","0,72K","-16,85%"
"04.02.2018","27.300","30.230","30.465","26.300","0,22K","-9,69%"
"03.02.2018","30.230","28.699","32.998","27.750","0,29K","5,33%"
"02.02.2018","28.699","27.694","32.998","19.000","1,12K","3,63%"
"01.02.2018","27.694","31.799","32.300","27.000","0,67K","-12,91%"
"31.01.2018","31.799","33.000","33.799","30.129","0,32K","-3,64%"
"30.01.2018","33.000","36.000","36.200","32.500","0,32K","-8,33%"
"29.01.2018","36.000","37.070","37.200","35.800","0,17K","-2,89%"
"28.01.2018","37.070","36.680","38.090","36.299","0,10K","1,06%"
"27.01.2018","36.680","35.898","37.050","35.600","0,07K","2,18%"
"26.01.2018","35.898","36.798","37.200","35.280","0,20K","-2,45%"
"25.01.2018","36.798","36.950","37.570","36.400","0,14K","-0,41%"
"24.01.2018","36.950","36.076","37.790","35.018","0,17K","2,42%"
"23.01.2018","36.076","36.350","37.960","33.600","0,32K","-0,75%"
"22.01.2018","36.350","38.640","39.640","34.200","0,42K","-5,93%"
"21.01.2018","38.640","41.616","41.830","38.250","0,22K","-7,15%"
"20.01.2018","41.616","39.400","42.000","38.860","0,19K","5,62%"
"19.01.2018","39.400","39.000","40.800","38.001","0,30K","1,03%"
"18.01.2018","39.000","38.500","41.890","36.490","0,55K","1,30%"
"17.01.2018","38.500","38.199","40.998","32.000","0,91K","0,79%"
"16.01.2018","38.199","46.148","46.300","32.301","1,14K","-17,23%"
"15.01.2018","46.148","46.202","47.450","45.600","0,17K","-0,12%"
"14.01.2018","46.202","46.890","47.235","45.100","0,09K","-2,20%"
"13.01.2018","47.240","45.767","47.450","45.221","0,14K","3,33%"
"12.01.2018","45.717","44.400","47.679","41.000","0,33K","2,74%"
"11.01.2018","44.499","50.000","50.200","40.001","0,54K","-11,00%"
"10.01.2018","50.000","49.397","50.699","47.000","0,38K","1,22%"
"09.01.2018","49.397","50.900","52.900","49.000","0,33K","-2,95%"
"08.01.2018","50.900","55.100","55.570","50.011","0,47K","-7,62%"
"07.01.2018","55.100","56.506","56.798","54.711","0,16K","-2,49%"
"06.01.2018","56.506","56.900","57.000","54.500","0,26K","-0,69%"
"05.01.2018","56.900","52.750","57.000","52.000","0,52K","8,45%"
"04.01.2018","52.465","53.149","53.600","51.000","0,35K","-1,29%"
"03.01.2018","53.149","51.204","53.999","50.385","0,35K","3,80%"
"02.01.2018","51.204","48.800","51.999","47.402","0,48K","4,82%"
"01.01.2018","48.850","48.206","49.182","47.500","0,11K","1,34%"